The system is: Linux - 6.6.87.2-microsoft-standard-WSL2 - x86_64
Compiling the CXX compiler identification source file "CMakeCXXCompilerId.cpp" succeeded.
Compiler: /usr/bin/c++ 
Build flags: 
Id flags:  

The output was:
0


Compilation of the CXX compiler identification source "CMakeCXXCompilerId.cpp" produced "a.out"

The CXX compiler identification is GNU, found in "/home/ash/ca-territorial/build/CMakeFiles/3.16.3/CompilerIdCXX/a.out"

Compiling the C compiler identification source file "CMakeCCompilerId.c" succeeded.
Compiler: /usr/bin/cc 
Build flags: 
Id flags:  

The output was:
0


Compilation of the C compiler identification source "CMakeCCompilerId.c" produced "a.out"

The C compiler identification is GNU, found in "/home/ash/ca-territorial/build/CMakeFiles/3.16.3/CompilerIdC/a.out"

Determining if the CXX compiler works passed with the following output:
Change Dir: /home/ash/ca-territorial/build/CMakeFiles/CMakeTmp

Run Build Command(s):/usr/bin/make cmTC_f5173/fast && /usr/bin/make -f CMakeFiles/cmTC_f5173.dir/build.make CMakeFiles/cmTC_f5173.dir/build
make[1]: Entering directory '/home/ash/ca-territorial/build/CMakeFiles/CMakeTmp'
Building CXX object CMakeFiles/cmTC_f5173.dir/testCXXCompiler.cxx.o
/usr/bin/c++    -fPIE   -o CMakeFiles/cmTC_f5173.dir/testCXXCompiler.cxx.o -c /home/ash/ca-territorial/build/CMakeFiles/CMakeTmp/testCXXCompiler.cxx
Linking CXX executable cmTC_f5173
/usr/bin/cmake -E cmake_link_script CMakeFiles/cmTC_f5173.dir/link.txt --verbose=1
/usr/bin/c++       CMakeFiles/cmTC_f5173.dir/testCXXCompiler.cxx.o  -o cmTC_f5173 
make[1]: Leaving directory '/home/ash/ca-territorial/build/CMakeFiles/CMakeTmp'



Detecting CXX compiler ABI info compiled with the following output:
Change Dir: /home/ash/ca-territorial/build/CMakeFiles/CMakeTmp

Run Build Command(s):/usr/bin/make cmTC_6a71d/fast && /usr/bin/make -f CMakeFiles/cmTC_6a71d.dir/build.make CMakeFiles/cmTC_6a71d.dir/build
make[1]: Entering directory '/home/ash/ca-territorial/build/CMakeFiles/CMakeTmp'
Building CXX object CMakeFiles/cmTC_6a71d.dir/CMakeCXXCompilerABI.cpp.o
/usr/bin/c++    -fPIE   -v -o CMakeFiles/cmTC_6a71d.dir/CMakeCXXCompilerABI.cpp.o -c /usr/share/cmake-3.16/Modules/CMakeCXXCompilerABI.cpp
Using built-in specs.
COLLECT_GCC=/usr/bin/c++
OFFLOAD_TARGET_NAMES=nvptx-none:hsa
OFFLOAD_TARGET_DEFAULT=1
Target: x86_64-linux-gnu
Configured with: ../src/configure -v --with-pkgversion='Ubuntu 9.4.0-1ubuntu1~20.04.2' --with-bugurl=file:///usr/share/doc/gcc-9/README.Bugs --enable-languages=c,ada,c++,go,brig,d,fortran,objc,obj-c++,gm2 --prefix=/usr --with-gcc-major-version-only --program-suffix=-9 --program-prefix=x86_64-linux-gnu- --enable-shared --enable-linker-build-id --libexecdir=/usr/lib --without-included-gettext --enable-threads=posix --libdir=/usr/lib --enable-nls --enable-clocale=gnu --enable-libstdcxx-debug --enable-libstdcxx-time=yes --with-default-libstdcxx-abi=new --enable-gnu-unique-object --disable-vtable-verify --enable-plugin --enable-default-pie --with-system-zlib --with-target-system-zlib=auto --enable-objc-gc=auto --enable-multiarch --disable-werror --with-arch-32=i686 --with-abi=m64 --with-multilib-list=m32,m64,mx32 --enable-multilib --with-tune=generic --enable-offload-targets=nvptx-none=/build/gcc-9-9QDOt0/gcc-9-9.4.0/debian/tmp-nvptx/usr,hsa --without-cuda-driver --enable-checking=release --build=x86_64-linux-gnu --host=x86_64-linux-gnu --target=x86_64-linux-gnu
Thread model: posix
gcc version 9.4.0 (Ubuntu 9.4.0-1ubuntu1~20.04.2) 
COLLECT_GCC_OPTIONS='-fPIE' '-v' '-o' 'CMakeFiles/cmTC_6a71d.dir/CMakeCXXCompilerABI.cpp.o' '-c' '-shared-libgcc' '-mtune=generic' '-march=x86-64'
 /usr/lib/gcc/x86_64-linux-gnu/9/cc1plus -quiet -v -imultiarch x86_64-linux-gnu -D_GNU_SOURCE /usr/share/cmake-3.16/Modules/CMakeCXXCompilerABI.cpp -quiet -dumpbase CMakeCXXCompilerABI.cpp -mtune=generic -march=x86-64 -auxbase-strip CMakeFiles/cmTC_6a71d.dir/CMakeCXXCompilerABI.cpp.o -version -fPIE -fasynchronous-unwind-tables -fstack-protector-strong -Wformat -Wformat-security -fstack-clash-protection -fcf-protection -o /tmp/ccsx2t5J.s
GNU C++14 (Ubuntu 9.4.0-1ubuntu1~20.04.2) version 9.4.0 (x86_64-linux-gnu)
	compiled by GNU C version 9.4.0, GMP version 6.2.0, MPFR version 4.0.2, MPC version 1.1.0, isl version isl-0.22.1-GMP

GGC heuristics: --param ggc-min-expand=100 --param ggc-min-heapsize=131072
ignoring duplicate directory "/usr/include/x86_64-linux-gnu/c++/9"
ignoring nonexistent directory "/usr/local/include/x86_64-linux-gnu"
ignoring nonexistent directory "/usr/lib/gcc/x86_64-linux-gnu/9/include-fixed"
ignoring nonexistent directory "/usr/lib/gcc/x86_64-linux-gnu/9/../../../../x86_64-linux-gnu/include"
#include "..." search starts here:
#include <...> search starts here:
 /usr/include/c++/9
 /usr/include/x86_64-linux-gnu/c++/9
 /usr/include/c++/9/backward
 /usr/lib/gcc/x86_64-linux-gnu/9/include
 /usr/local/include
 /usr/include/x86_64-linux-gnu
 /usr/include
End of search list.
GNU C++14 (Ubuntu 9.4.0-1ubuntu1~20.04.2) version 9.4.0 (x86_64-linux-gnu)
	compiled by GNU C version 9.4.0, GMP version 6.2.0, MPFR version 4.0.2, MPC version 1.1.0, isl version isl-0.22.1-GMP

GGC heuristics: --param ggc-min-expand=100 --param ggc-min-heapsize=131072
Compiler executable checksum: 3d1eba838554fa2348dba760e4770469
COLLECT_GCC_OPTIONS='-fPIE' '-v' '-o' 'CMakeFiles/cmTC_6a71d.dir/CMakeCXXCompilerABI.cpp.o' '-c' '-shared-libgcc' '-mtune=generic' '-march=x86-64'
 as -v --64 -o CMakeFiles/cmTC_6a71d.dir/CMakeCXXCompilerABI.cpp.o /tmp/ccsx2t5J.s
GNU assembler version 2.34 (x86_64-linux-gnu) using BFD version (GNU Binutils for Ubuntu) 2.34
COMPILER_PATH=/usr/lib/gcc/x86_64-linux-gnu/9/:/usr/lib/gcc/x86_64-linux-gnu/9/:/usr/lib/gcc/x86_64-linux-gnu/:/usr/lib/gcc/x86_64-linux-gnu/9/:/usr/lib/gcc/x86_64-linux-gnu/
LIBRARY_PATH=/usr/lib/gcc/x86_64-linux-gnu/9/:/usr/lib/gcc/x86_64-linux-gnu/9/../../../x86_64-linux-gnu/:/usr/lib/gcc/x86_64-linux-gnu/9/../../../../lib/:/lib/x86_64-linux-gnu/:/lib/../lib/:/usr/lib/x86_64-linux-gnu/:/usr/lib/../lib/:/usr/lib/gcc/x86_64-linux-gnu/9/../../../:/lib/:/usr/lib/
COLLECT_GCC_OPTIONS='-fPIE' '-v' '-o' 'CMakeFiles/cmTC_6a71d.dir/CMakeCXXCompilerABI.cpp.o' '-c' '-shared-libgcc' '-mtune=generic' '-march=x86-64'
Linking CXX executable cmTC_6a71d
/usr/bin/cmake -E cmake_link_script CMakeFiles/cmTC_6a71d.dir/link.txt --verbose=1
/usr/bin/c++      -v CMakeFiles/cmTC_6a71d.dir/CMakeCXXCompilerABI.cpp.o  -o cmTC_6a71d 
Using built-in specs.
COLLECT_GCC=/usr/bin/c++
COLLECT_LTO_WRAPPER=/usr/lib/gcc/x86_64-linux-gnu/9/lto-wrapper
OFFLOAD_TARGET_NAMES=nvptx-none:hsa
OFFLOAD_TARGET_DEFAULT=1
Target: x86_64-linux-gnu
Configured with: ../src/configure -v --with-pkgversion='Ubuntu 9.4.0-1ubuntu1~20.04.2' --with-bugurl=file:///usr/share/doc/gcc-9/README.Bugs --enable-languages=c,ada,c++,go,brig,d,fortran,objc,obj-c++,gm2 --prefix=/usr --with-gcc-major-version-only --program-suffix=-9 --program-prefix=x86_64-linux-gnu- --enable-shared --enable-linker-build-id --libexecdir=/usr/lib --without-included-gettext --enable-threads=posix --libdir=/usr/lib --enable-nls --enable-clocale=gnu --enable-libstdcxx-debug --enable-libstdcxx-time=yes --with-default-libstdcxx-abi=new --enable-gnu-unique-object --disable-vtable-verify --enable-plugin --enable-default-pie --with-system-zlib --with-target-system-zlib=auto --enable-objc-gc=auto --enable-multiarch --disable-werror --with-arch-32=i686 --with-abi=m64 --with-multilib-list=m32,m64,mx32 --enable-multilib --with-tune=generic --enable-offload-targets=nvptx-none=/build/gcc-9-9QDOt0/gcc-9-9.4.0/debian/tmp-nvptx/usr,hsa --without-cuda-driver --enable-checking=release --build=x86_64-linux-gnu --host=x86_64-linux-gnu --target=x86_64-linux-gnu
Thread model: posix
gcc version 9.4.0 (Ubuntu 9.4.0-1ubuntu1~20.04.2) 
COMPILER_PATH=/usr/lib/gcc/x86_64-linux-gnu/9/:/usr/lib/gcc/x86_64-linux-gnu/9/:/usr/lib/gcc/x86_64-linux-gnu/:/usr/lib/gcc/x86_64-linux-gnu/9/:/usr/lib/gcc/x86_64-linux-gnu/
LIBRARY_PATH=/usr/lib/gcc/x86_64-linux-gnu/9/:/usr/lib/gcc/x86_64-linux-gnu/9/../../../x86_64-linux-gnu/:/usr/lib/gcc/x86_64-linux-gnu/9/../../../../lib/:/lib/x86_64-linux-gnu/:/lib/../lib/:/usr/lib/x86_64-linux-gnu/:/usr/lib/../lib/:/usr/lib/gcc/x86_64-linux-gnu/9/../../../:/lib/:/usr/lib/
COLLECT_GCC_OPTIONS='-v' '-o' 'cmTC_6a71d' '-shared-libgcc' '-mtune=generic' '-march=x86-64'
 /usr/lib/gcc/x86_64-linux-gnu/9/collect2 -plugin /usr/lib/gcc/x86_64-linux-gnu/9/liblto_plugin.so -plugin-opt=/usr/lib/gcc/x86_64-linux-gnu/9/lto-wrapper -plugin-opt=-fresolution=/tmp/ccbunM8a.res -plugin-opt=-pass-through=-lgcc_s -plugin-opt=-pass-through=-lgcc -plugin-opt=-pass-through=-lc -plugin-opt=-pass-through=-lgcc_s -plugin-opt=-pass-through=-lgcc --build-id --eh-frame-hdr -m elf_x86_64 --hash-style=gnu --as-needed -dynamic-linker /lib64/ld-linux-x86-64.so.2 -pie -z now -z relro -o cmTC_6a71d /usr/lib/gcc/x86_64-linux-gnu/9/../../../x86_64-linux-gnu/Scrt1.o /usr/lib/gcc/x86_64-linux-gnu/9/../../../x86_64-linux-gnu/crti.o /usr/lib/gcc/x86_64-linux-gnu/9/crtbeginS.o -L/usr/lib/gcc/x86_64-linux-gnu/9 -L/usr/lib/gcc/x86_64-linux-gnu/9/../../../x86_64-linux-gnu -L/usr/lib/gcc/x86_64-linux-gnu/9/../../../../lib -L/lib/x86_64-linux-gnu -L/lib/../lib -L/usr/lib/x86_64-linux-gnu -L/usr/lib/../lib -L/usr/lib/gcc/x86_64-linux-gnu/9/../../.. CMakeFiles/cmTC_6a71d.dir/CMakeCXXCompilerABI.cpp.o -lstdc++ -lm -lgcc_s -lgcc -lc -lgcc_s -lgcc /usr/lib/gcc/x86_64-linux-gnu/9/crtendS.o /usr/lib/gcc/x86_64-linux-gnu/9/../../../x86_64-linux-gnu/crtn.o
COLLECT_GCC_OPTIONS='-v' '-o' 'cmTC_6a71d' '-shared-libgcc' '-mtune=generic' '-march=x86-64'
make[1]: Leaving directory '/home/ash/ca-territorial/build/CMakeFiles/CMakeTmp'



Parsed CXX implicit include dir info from above output: rv=done
  found start of include info
  found start of implicit include info
    add: [/usr/include/c++/9]
    add: [/usr/include/x86_64-linux-gnu/c++/9]
    add: [/usr/include/c++/9/backward]
    add: [/usr/lib/gcc/x86_64-linux-gnu/9/include]
    add: [/usr/local/include]
    add: [/usr/include/x86_64-linux-gnu]
    add: [/usr/include]
  end of search list found
  collapse include dir [/usr/include/c++/9] ==> [/usr/include/c++/9]
  collapse include dir [/usr/include/x86_64-linux-gnu/c++/9] ==> [/usr/include/x86_64-linux-gnu/c++/9]
  collapse include dir [/usr/include/c++/9/backward] ==> [/usr/include/c++/9/backward]
  collapse include dir [/usr/lib/gcc/x86_64-linux-gnu/9/include] ==> [/usr/lib/gcc/x86_64-linux-gnu/9/include]
  collapse include dir [/usr/local/include] ==> [/usr/local/include]
  collapse include dir [/usr/include/x86_64-linux-gnu] ==> [/usr/include/x86_64-linux-gnu]
  collapse include dir [/usr/include] ==> [/usr/include]
  implicit include dirs: [/usr/include/c++/9;/usr/include/x86_64-linux-gnu/c++/9;/usr/include/c++/9/backward;/usr/lib/gcc/x86_64-linux-gnu/9/include;/usr/local/include;/usr/include/x86_64-linux-gnu;/usr/include]


Parsed CXX implicit link information from above output:
  link line regex: [^( *|.*[/\])(ld|CMAKE_LINK_STARTFILE-NOTFOUND|([^/\]+-)?ld|collect2)[^/\]*( |$)]
  ignore line: [Change Dir: /home/ash/ca-territorial/build/CMakeFiles/CMakeTmp]
  ignore line: []
  ignore line: [Run Build Command(s):/usr/bin/make cmTC_6a71d/fast && /usr/bin/make -f CMakeFiles/cmTC_6a71d.dir/build.make CMakeFiles/cmTC_6a71d.dir/build]
  ignore line: [make[1]: Entering directory '/home/ash/ca-territorial/build/CMakeFiles/CMakeTmp']
  ignore line: [Building CXX object CMakeFiles/cmTC_6a71d.dir/CMakeCXXCompilerABI.cpp.o]
  ignore line: [/usr/bin/c++    -fPIE   -v -o CMakeFiles/cmTC_6a71d.dir/CMakeCXXCompilerABI.cpp.o -c /usr/share/cmake-3.16/Modules/CMakeCXXCompilerABI.cpp]
  ignore line: [Using built-in specs.]
  ignore line: [COLLECT_GCC=/usr/bin/c++]
  ignore line: [OFFLOAD_TARGET_NAMES=nvptx-none:hsa]
  ignore line: [OFFLOAD_TARGET_DEFAULT=1]
  ignore line: [Target: x86_64-linux-gnu]
  ignore line: [Configured with: ../src/configure -v --with-pkgversion='Ubuntu 9.4.0-1ubuntu1~20.04.2' --with-bugurl=file:///usr/share/doc/gcc-9/README.Bugs --enable-languages=c ada c++ go brig d fortran objc obj-c++ gm2 --prefix=/usr --with-gcc-major-version-only --program-suffix=-9 --program-prefix=x86_64-linux-gnu- --enable-shared --enable-linker-build-id --libexecdir=/usr/lib --without-included-gettext --enable-threads=posix --libdir=/usr/lib --enable-nls --enable-clocale=gnu --enable-libstdcxx-debug --enable-libstdcxx-time=yes --with-default-libstdcxx-abi=new --enable-gnu-unique-object --disable-vtable-verify --enable-plugin --enable-default-pie --with-system-zlib --with-target-system-zlib=auto --enable-objc-gc=auto --enable-multiarch --disable-werror --with-arch-32=i686 --with-abi=m64 --with-multilib-list=m32 m64 mx32 --enable-multilib --with-tune=generic --enable-offload-targets=nvptx-none=/build/gcc-9-9QDOt0/gcc-9-9.4.0/debian/tmp-nvptx/usr hsa --without-cuda-driver --enable-checking=release --build=x86_64-linux-gnu --host=x86_64-linux-gnu --target=x86_64-linux-gnu]
  ignore line: [Thread model: posix]
  ignore line: [gcc version 9.4.0 (Ubuntu 9.4.0-1ubuntu1~20.04.2) ]
  ignore line: [COLLECT_GCC_OPTIONS='-fPIE' '-v' '-o' 'CMakeFiles/cmTC_6a71d.dir/CMakeCXXCompilerABI.cpp.o' '-c' '-shared-libgcc' '-mtune=generic' '-march=x86-64']
  ignore line: [ /usr/lib/gcc/x86_64-linux-gnu/9/cc1plus -quiet -v -imultiarch x86_64-linux-gnu -D_GNU_SOURCE /usr/share/cmake-3.16/Modules/CMakeCXXCompilerABI.cpp -quiet -dumpbase CMakeCXXCompilerABI.cpp -mtune=generic -march=x86-64 -auxbase-strip CMakeFiles/cmTC_6a71d.dir/CMakeCXXCompilerABI.cpp.o -version -fPIE -fasynchronous-unwind-tables -fstack-protector-strong -Wformat -Wformat-security -fstack-clash-protection -fcf-protection -o /tmp/ccsx2t5J.s]
  ignore line: [GNU C++14 (Ubuntu 9.4.0-1ubuntu1~20.04.2) version 9.4.0 (x86_64-linux-gnu)]
  ignore line: [	compiled by GNU C version 9.4.0  GMP version 6.2.0  MPFR version 4.0.2  MPC version 1.1.0  isl version isl-0.22.1-GMP]
  ignore line: []
  ignore line: [GGC heuristics: --param ggc-min-expand=100 --param ggc-min-heapsize=131072]
  ignore line: [ignoring duplicate directory "/usr/include/x86_64-linux-gnu/c++/9"]
  ignore line: [ignoring nonexistent directory "/usr/local/include/x86_64-linux-gnu"]
  ignore line: [ignoring nonexistent directory "/usr/lib/gcc/x86_64-linux-gnu/9/include-fixed"]
  ignore line: [ignoring nonexistent directory "/usr/lib/gcc/x86_64-linux-gnu/9/../../../../x86_64-linux-gnu/include"]
  ignore line: [#include "..." search starts here:]
  ignore line: [#include <...> search starts here:]
  ignore line: [ /usr/include/c++/9]
  ignore line: [ /usr/include/x86_64-linux-gnu/c++/9]
  ignore line: [ /usr/include/c++/9/backward]
  ignore line: [ /usr/lib/gcc/x86_64-linux-gnu/9/include]
  ignore line: [ /usr/local/include]
  ignore line: [ /usr/include/x86_64-linux-gnu]
  ignore line: [ /usr/include]
  ignore line: [End of search list.]
  ignore line: [GNU C++14 (Ubuntu 9.4.0-1ubuntu1~20.04.2) version 9.4.0 (x86_64-linux-gnu)]
  ignore line: [	compiled by GNU C version 9.4.0  GMP version 6.2.0  MPFR version 4.0.2  MPC version 1.1.0  isl version isl-0.22.1-GMP]
  ignore line: []
  ignore line: [GGC heuristics: --param ggc-min-expand=100 --param ggc-min-heapsize=131072]
  ignore line: [Compiler executable checksum: 3d1eba838554fa2348dba760e4770469]
  ignore line: [COLLECT_GCC_OPTIONS='-fPIE' '-v' '-o' 'CMakeFiles/cmTC_6a71d.dir/CMakeCXXCompilerABI.cpp.o' '-c' '-shared-libgcc' '-mtune=generic' '-march=x86-64']
  ignore line: [ as -v --64 -o CMakeFiles/cmTC_6a71d.dir/CMakeCXXCompilerABI.cpp.o /tmp/ccsx2t5J.s]
  ignore line: [GNU assembler version 2.34 (x86_64-linux-gnu) using BFD version (GNU Binutils for Ubuntu) 2.34]
  ignore line: [COMPILER_PATH=/usr/lib/gcc/x86_64-linux-gnu/9/:/usr/lib/gcc/x86_64-linux-gnu/9/:/usr/lib/gcc/x86_64-linux-gnu/:/usr/lib/gcc/x86_64-linux-gnu/9/:/usr/lib/gcc/x86_64-linux-gnu/]
  ignore line: [LIBRARY_PATH=/usr/lib/gcc/x86_64-linux-gnu/9/:/usr/lib/gcc/x86_64-linux-gnu/9/../../../x86_64-linux-gnu/:/usr/lib/gcc/x86_64-linux-gnu/9/../../../../lib/:/lib/x86_64-linux-gnu/:/lib/../lib/:/usr/lib/x86_64-linux-gnu/:/usr/lib/../lib/:/usr/lib/gcc/x86_64-linux-gnu/9/../../../:/lib/:/usr/lib/]
  ignore line: [COLLECT_GCC_OPTIONS='-fPIE' '-v' '-o' 'CMakeFiles/cmTC_6a71d.dir/CMakeCXXCompilerABI.cpp.o' '-c' '-shared-libgcc' '-mtune=generic' '-march=x86-64']
  ignore line: [Linking CXX executable cmTC_6a71d]
  ignore line: [/usr/bin/cmake -E cmake_link_script CMakeFiles/cmTC_6a71d.dir/link.txt --verbose=1]
  ignore line: [/usr/bin/c++      -v CMakeFiles/cmTC_6a71d.dir/CMakeCXXCompilerABI.cpp.o  -o cmTC_6a71d ]
  ignore line: [Using built-in specs.]
  ignore line: [COLLECT_GCC=/usr/bin/c++]
  ignore line: [COLLECT_LTO_WRAPPER=/usr/lib/gcc/x86_64-linux-gnu/9/lto-wrapper]
  ignore line: [OFFLOAD_TARGET_NAMES=nvptx-none:hsa]
  ignore line: [OFFLOAD_TARGET_DEFAULT=1]
  ignore line: [Target: x86_64-linux-gnu]
  ignore line: [Configured with: ../src/configure -v --with-pkgversion='Ubuntu 9.4.0-1ubuntu1~20.04.2' --with-bugurl=file:///usr/share/doc/gcc-9/README.Bugs --enable-languages=c ada c++ go brig d fortran objc obj-c++ gm2 --prefix=/usr --with-gcc-major-version-only --program-suffix=-9 --program-prefix=x86_64-linux-gnu- --enable-shared --enable-linker-build-id --libexecdir=/usr/lib --without-included-gettext --enable-threads=posix --libdir=/usr/lib --enable-nls --enable-clocale=gnu --enable-libstdcxx-debug --enable-libstdcxx-time=yes --with-default-libstdcxx-abi=new --enable-gnu-unique-object --disable-vtable-verify --enable-plugin --enable-default-pie --with-system-zlib --with-target-system-zlib=auto --enable-objc-gc=auto --enable-multiarch --disable-werror --with-arch-32=i686 --with-abi=m64 --with-multilib-list=m32 m64 mx32 --enable-multilib --with-tune=generic --enable-offload-targets=nvptx-none=/build/gcc-9-9QDOt0/gcc-9-9.4.0/debian/tmp-nvptx/usr hsa --without-cuda-driver --enable-checking=release --build=x86_64-linux-gnu --host=x86_64-linux-gnu --target=x86_64-linux-gnu]
  ignore line: [Thread model: posix]
  ignore line: [gcc version 9.4.0 (Ubuntu 9.4.0-1ubuntu1~20.04.2) ]
  ignore line: [COMPILER_PATH=/usr/lib/gcc/x86_64-linux-gnu/9/:/usr/lib/gcc/x86_64-linux-gnu/9/:/usr/lib/gcc/x86_64-linux-gnu/:/usr/lib/gcc/x86_64-linux-gnu/9/:/usr/lib/gcc/x86_64-linux-gnu/]
  ignore line: [LIBRARY_PATH=/usr/lib/gcc/x86_64-linux-gnu/9/:/usr/lib/gcc/x86_64-linux-gnu/9/../../../x86_64-linux-gnu/:/usr/lib/gcc/x86_64-linux-gnu/9/../../../../lib/:/lib/x86_64-linux-gnu/:/lib/../lib/:/usr/lib/x86_64-linux-gnu/:/usr/lib/../lib/:/usr/lib/gcc/x86_64-linux-gnu/9/../../../:/lib/:/usr/lib/]
  ignore line: [COLLECT_GCC_OPTIONS='-v' '-o' 'cmTC_6a71d' '-shared-libgcc' '-mtune=generic' '-march=x86-64']
  link line: [ /usr/lib/gcc/x86_64-linux-gnu/9/collect2 -plugin /usr/lib/gcc/x86_64-linux-gnu/9/liblto_plugin.so -plugin-opt=/usr/lib/gcc/x86_64-linux-gnu/9/lto-wrapper -plugin-opt=-fresolution=/tmp/ccbunM8a.res -plugin-opt=-pass-through=-lgcc_s -plugin-opt=-pass-through=-lgcc -plugin-opt=-pass-through=-lc -plugin-opt=-pass-through=-lgcc_s -plugin-opt=-pass-through=-lgcc --build-id --eh-frame-hdr -m elf_x86_64 --hash-style=gnu --as-needed -dynamic-linker /lib64/ld-linux-x86-64.so.2 -pie -z now -z relro -o cmTC_6a71d /usr/lib/gcc/x86_64-linux-gnu/9/../../../x86_64-linux-gnu/Scrt1.o /usr/lib/gcc/x86_64-linux-gnu/9/../../../x86_64-linux-gnu/crti.o /usr/lib/gcc/x86_64-linux-gnu/9/crtbeginS.o -L/usr/lib/gcc/x86_64-linux-gnu/9 -L/usr/lib/gcc/x86_64-linux-gnu/9/../../../x86_64-linux-gnu -L/usr/lib/gcc/x86_64-linux-gnu/9/../../../../lib -L/lib/x86_64-linux-gnu -L/lib/../lib -L/usr/lib/x86_64-linux-gnu -L/usr/lib/../lib -L/usr/lib/gcc/x86_64-linux-gnu/9/../../.. CMakeFiles/cmTC_6a71d.dir/CMakeCXXCompilerABI.cpp.o -lstdc++ -lm -lgcc_s -lgcc -lc -lgcc_s -lgcc /usr/lib/gcc/x86_64-linux-gnu/9/crtendS.o /usr/lib/gcc/x86_64-linux-gnu/9/../../../x86_64-linux-gnu/crtn.o]
    arg [/usr/lib/gcc/x86_64-linux-gnu/9/collect2] ==> ignore
    arg [-plugin] ==> ignore
    arg [/usr/lib/gcc/x86_64-linux-gnu/9/liblto_plugin.so] ==> ignore
    arg [-plugin-opt=/usr/lib/gcc/x86_64-linux-gnu/9/lto-wrapper] ==> ignore
    arg [-plugin-opt=-fresolution=/tmp/ccbunM8a.res] ==> ignore
    arg [-plugin-opt=-pass-through=-lgcc_s] ==> ignore
    arg [-plugin-opt=-pass-through=-lgcc] ==> ignore
    arg [-plugin-opt=-pass-through=-lc] ==> ignore
    arg [-plugin-opt=-pass-through=-lgcc_s] ==> ignore
    arg [-plugin-opt=-pass-through=-lgcc] ==> ignore
    arg [--build-id] ==> ignore
    arg [--eh-frame-hdr] ==> ignore
    arg [-m] ==> ignore
    arg [elf_x86_64] ==> ignore
    arg [--hash-style=gnu] ==> ignore
    arg [--as-needed] ==> ignore
    arg [-dynamic-linker] ==> ignore
    arg [/lib64/ld-linux-x86-64.so.2] ==> ignore
    arg [-pie] ==> ignore
    arg [-znow] ==> ignore
    arg [-zrelro] ==> ignore
    arg [-o] ==> ignore
    arg [cmTC_6a71d] ==> ignore
    arg [/usr/lib/gcc/x86_64-linux-gnu/9/../../../x86_64-linux-gnu/Scrt1.o] ==> ignore
    arg [/usr/lib/gcc/x86_64-linux-gnu/9/../../../x86_64-linux-gnu/crti.o] ==> ignore
    arg [/usr/lib/gcc/x86_64-linux-gnu/9/crtbeginS.o] ==> ignore
    arg [-L/usr/lib/gcc/x86_64-linux-gnu/9] ==> dir [/usr/lib/gcc/x86_64-linux-gnu/9]
    arg [-L/usr/lib/gcc/x86_64-linux-gnu/9/../../../x86_64-linux-gnu] ==> dir [/usr/lib/gcc/x86_64-linux-gnu/9/../../../x86_64-linux-gnu]
    arg [-L/usr/lib/gcc/x86_64-linux-gnu/9/../../../../lib] ==> dir [/usr/lib/gcc/x86_64-linux-gnu/9/../../../../lib]
    arg [-L/lib/x86_64-linux-gnu] ==> dir [/lib/x86_64-linux-gnu]
    arg [-L/lib/../lib] ==> dir [/lib/../lib]
    arg [-L/usr/lib/x86_64-linux-gnu] ==> dir [/usr/lib/x86_64-linux-gnu]
    arg [-L/usr/lib/../lib] ==> dir [/usr/lib/../lib]
    arg [-L/usr/lib/gcc/x86_64-linux-gnu/9/../../..] ==> dir [/usr/lib/gcc/x86_64-linux-gnu/9/../../..]
    arg [CMakeFiles/cmTC_6a71d.dir/CMakeCXXCompilerABI.cpp.o] ==> ignore
    arg [-lstdc++] ==> lib [stdc++]
    arg [-lm] ==> lib [m]
    arg [-lgcc_s] ==> lib [gcc_s]
    arg [-lgcc] ==> lib [gcc]
    arg [-lc] ==> lib [c]
    arg [-lgcc_s] ==> lib [gcc_s]
    arg [-lgcc] ==> lib [gcc]
    arg [/usr/lib/gcc/x86_64-linux-gnu/9/crtendS.o] ==> ignore
    arg [/usr/lib/gcc/x86_64-linux-gnu/9/../../../x86_64-linux-gnu/crtn.o] ==> ignore
  collapse library dir [/usr/lib/gcc/x86_64-linux-gnu/9] ==> [/usr/lib/gcc/x86_64-linux-gnu/9]
  collapse library dir [/usr/lib/gcc/x86_64-linux-gnu/9/../../../x86_64-linux-gnu] ==> [/usr/lib/x86_64-linux-gnu]
  collapse library dir [/usr/lib/gcc/x86_64-linux-gnu/9/../../../../lib] ==> [/usr/lib]
  collapse library dir [/lib/x86_64-linux-gnu] ==> [/lib/x86_64-linux-gnu]
  collapse library dir [/lib/../lib] ==> [/lib]
  collapse library dir [/usr/lib/x86_64-linux-gnu] ==> [/usr/lib/x86_64-linux-gnu]
  collapse library dir [/usr/lib/../lib] ==> [/usr/lib]
  collapse library dir [/usr/lib/gcc/x86_64-linux-gnu/9/../../..] ==> [/usr/lib]
  implicit libs: [stdc++;m;gcc_s;gcc;c;gcc_s;gcc]
  implicit dirs: [/usr/lib/gcc/x86_64-linux-gnu/9;/usr/lib/x86_64-linux-gnu;/usr/lib;/lib/x86_64-linux-gnu;/lib]
  implicit fwks: []


Determining if the C compiler works passed with the following output:
Change Dir: /home/ash/ca-territorial/build/CMakeFiles/CMakeTmp

Run Build Command(s):/usr/bin/make cmTC_5a558/fast && /usr/bin/make -f CMakeFiles/cmTC_5a558.dir/build.make CMakeFiles/cmTC_5a558.dir/build
make[1]: Entering directory '/home/ash/ca-territorial/build/CMakeFiles/CMakeTmp'
Building C object CMakeFiles/cmTC_5a558.dir/testCCompiler.c.o
/usr/bin/cc   -fPIE   -o CMakeFiles/cmTC_5a558.dir/testCCompiler.c.o   -c /home/ash/ca-territorial/build/CMakeFiles/CMakeTmp/testCCompiler.c
Linking C executable cmTC_5a558
/usr/bin/cmake -E cmake_link_script CMakeFiles/cmTC_5a558.dir/link.txt --verbose=1
/usr/bin/cc      CMakeFiles/cmTC_5a558.dir/testCCompiler.c.o  -o cmTC_5a558 
make[1]: Leaving directory '/home/ash/ca-territorial/build/CMakeFiles/CMakeTmp'



Detecting C compiler ABI info compiled with the following output:
Change Dir: /home/ash/ca-territorial/build/CMakeFiles/CMakeTmp

Run Build Command(s):/usr/bin/make cmTC_dc209/fast && /usr/bin/make -f CMakeFiles/cmTC_dc209.dir/build.make CMakeFiles/cmTC_dc209.dir/build
make[1]: Entering directory '/home/ash/ca-territorial/build/CMakeFiles/CMakeTmp'
Building C object CMakeFiles/cmTC_dc209.dir/CMakeCCompilerABI.c.o
/usr/bin/cc   -fPIE   -v -o CMakeFiles/cmTC_dc209.dir/CMakeCCompilerABI.c.o   -c /usr/share/cmake-3.16/Modules/CMakeCCompilerABI.c
Using built-in specs.
COLLECT_GCC=/usr/bin/cc
OFFLOAD_TARGET_NAMES=nvptx-none:hsa
OFFLOAD_TARGET_DEFAULT=1
Target: x86_64-linux-gnu
Configured with: ../src/configure -v --with-pkgversion='Ubuntu 9.4.0-1ubuntu1~20.04.2' --with-bugurl=file:///usr/share/doc/gcc-9/README.Bugs --enable-languages=c,ada,c++,go,brig,d,fortran,objc,obj-c++,gm2 --prefix=/usr --with-gcc-major-version-only --program-suffix=-9 --program-prefix=x86_64-linux-gnu- --enable-shared --enable-linker-build-id --libexecdir=/usr/lib --without-included-gettext --enable-threads=posix --libdir=/usr/lib --enable-nls --enable-clocale=gnu --enable-libstdcxx-debug --enable-libstdcxx-time=yes --with-default-libstdcxx-abi=new --enable-gnu-unique-object --disable-vtable-verify --enable-plugin --enable-default-pie --with-system-zlib --with-target-system-zlib=auto --enable-objc-gc=auto --enable-multiarch --disable-werror --with-arch-32=i686 --with-abi=m64 --with-multilib-list=m32,m64,mx32 --enable-multilib --with-tune=generic --enable-offload-targets=nvptx-none=/build/gcc-9-9QDOt0/gcc-9-9.4.0/debian/tmp-nvptx/usr,hsa --without-cuda-driver --enable-checking=release --build=x86_64-linux-gnu --host=x86_64-linux-gnu --target=x86_64-linux-gnu
Thread model: posix
gcc version 9.4.0 (Ubuntu 9.4.0-1ubuntu1~20.04.2) 
COLLECT_GCC_OPTIONS='-fPIE' '-v' '-o' 'CMakeFiles/cmTC_dc209.dir/CMakeCCompilerABI.c.o' '-c' '-mtune=generic' '-march=x86-64'
 /usr/lib/gcc/x86_64-linux-gnu/9/cc1 -quiet -v -imultiarch x86_64-linux-gnu /usr/share/cmake-3.16/Modules/CMakeCCompilerABI.c -quiet -dumpbase CMakeCCompilerABI.c -mtune=generic -march=x86-64 -auxbase-strip CMakeFiles/cmTC_dc209.dir/CMakeCCompilerABI.c.o -version -fPIE -fasynchronous-unwind-tables -fstack-protector-strong -Wformat -Wformat-security -fstack-clash-protection -fcf-protection -o /tmp/cceabeqI.s
GNU C17 (Ubuntu 9.4.0-1ubuntu1~20.04.2) version 9.4.0 (x86_64-linux-gnu)
	compiled by GNU C version 9.4.0, GMP version 6.2.0, MPFR version 4.0.2, MPC version 1.1.0, isl version isl-0.22.1-GMP

GGC heuristics: --param ggc-min-expand=100 --param ggc-min-heapsize=131072
ignoring nonexistent directory "/usr/local/include/x86_64-linux-gnu"
ignoring nonexistent directory "/usr/lib/gcc/x86_64-linux-gnu/9/include-fixed"
ignoring nonexistent directory "/usr/lib/gcc/x86_64-linux-gnu/9/../../../../x86_64-linux-gnu/include"
#include "..." search starts here:
#include <...> search starts here:
 /usr/lib/gcc/x86_64-linux-gnu/9/include
 /usr/local/include
 /usr/include/x86_64-linux-gnu
 /usr/include
End of search list.
GNU C17 (Ubuntu 9.4.0-1ubuntu1~20.04.2) version 9.4.0 (x86_64-linux-gnu)
	compiled by GNU C version 9.4.0, GMP version 6.2.0, MPFR version 4.0.2, MPC version 1.1.0, isl version isl-0.22.1-GMP

GGC heuristics: --param ggc-min-expand=100 --param ggc-min-heapsize=131072
Compiler executable checksum: 01da938ff5dc2163489aa33cb3b747a7
COLLECT_GCC_OPTIONS='-fPIE' '-v' '-o' 'CMakeFiles/cmTC_dc209.dir/CMakeCCompilerABI.c.o' '-c' '-mtune=generic' '-march=x86-64'
 as -v --64 -o CMakeFiles/cmTC_dc209.dir/CMakeCCompilerABI.c.o /tmp/cceabeqI.s
GNU assembler version 2.34 (x86_64-linux-gnu) using BFD version (GNU Binutils for Ubuntu) 2.34
COMPILER_PATH=/usr/lib/gcc/x86_64-linux-gnu/9/:/usr/lib/gcc/x86_64-linux-gnu/9/:/usr/lib/gcc/x86_64-linux-gnu/:/usr/lib/gcc/x86_64-linux-gnu/9/:/usr/lib/gcc/x86_64-linux-gnu/
LIBRARY_PATH=/usr/lib/gcc/x86_64-linux-gnu/9/:/usr/lib/gcc/x86_64-linux-gnu/9/../../../x86_64-linux-gnu/:/usr/lib/gcc/x86_64-linux-gnu/9/../../../../lib/:/lib/x86_64-linux-gnu/:/lib/../lib/:/usr/lib/x86_64-linux-gnu/:/usr/lib/../lib/:/usr/lib/gcc/x86_64-linux-gnu/9/../../../:/lib/:/usr/lib/
COLLECT_GCC_OPTIONS='-fPIE' '-v' '-o' 'CMakeFiles/cmTC_dc209.dir/CMakeCCompilerABI.c.o' '-c' '-mtune=generic' '-march=x86-64'
Linking C executable cmTC_dc209
/usr/bin/cmake -E cmake_link_script CMakeFiles/cmTC_dc209.dir/link.txt --verbose=1
/usr/bin/cc     -v CMakeFiles/cmTC_dc209.dir/CMakeCCompilerABI.c.o  -o cmTC_dc209 
Using built-in specs.
COLLECT_GCC=/usr/bin/cc
COLLECT_LTO_WRAPPER=/usr/lib/gcc/x86_64-linux-gnu/9/lto-wrapper
OFFLOAD_TARGET_NAMES=nvptx-none:hsa
OFFLOAD_TARGET_DEFAULT=1
Target: x86_64-linux-gnu
Configured with: ../src/configure -v --with-pkgversion='Ubuntu 9.4.0-1ubuntu1~20.04.2' --with-bugurl=file:///usr/share/doc/gcc-9/README.Bugs --enable-languages=c,ada,c++,go,brig,d,fortran,objc,obj-c++,gm2 --prefix=/usr --with-gcc-major-version-only --program-suffix=-9 --program-prefix=x86_64-linux-gnu- --enable-shared --enable-linker-build-id --libexecdir=/usr/lib --without-included-gettext --enable-threads=posix --libdir=/usr/lib --enable-nls --enable-clocale=gnu --enable-libstdcxx-debug --enable-libstdcxx-time=yes --with-default-libstdcxx-abi=new --enable-gnu-unique-object --disable-vtable-verify --enable-plugin --enable-default-pie --with-system-zlib --with-target-system-zlib=auto --enable-objc-gc=auto --enable-multiarch --disable-werror --with-arch-32=i686 --with-abi=m64 --with-multilib-list=m32,m64,mx32 --enable-multilib --with-tune=generic --enable-offload-targets=nvptx-none=/build/gcc-9-9QDOt0/gcc-9-9.4.0/debian/tmp-nvptx/usr,hsa --without-cuda-driver --enable-checking=release --build=x86_64-linux-gnu --host=x86_64-linux-gnu --target=x86_64-linux-gnu
Thread model: posix
gcc version 9.4.0 (Ubuntu 9.4.0-1ubuntu1~20.04.2) 
COMPILER_PATH=/usr/lib/gcc/x86_64-linux-gnu/9/:/usr/lib/gcc/x86_64-linux-gnu/9/:/usr/lib/gcc/x86_64-linux-gnu/:/usr/lib/gcc/x86_64-linux-gnu/9/:/usr/lib/gcc/x86_64-linux-gnu/
LIBRARY_PATH=/usr/lib/gcc/x86_64-linux-gnu/9/:/usr/lib/gcc/x86_64-linux-gnu/9/../../../x86_64-linux-gnu/:/usr/lib/gcc/x86_64-linux-gnu/9/../../../../lib/:/lib/x86_64-linux-gnu/:/lib/../lib/:/usr/lib/x86_64-linux-gnu/:/usr/lib/../lib/:/usr/lib/gcc/x86_64-linux-gnu/9/../../../:/lib/:/usr/lib/
COLLECT_GCC_OPTIONS='-v' '-o' 'cmTC_dc209' '-mtune=generic' '-march=x86-64'
 /usr/lib/gcc/x86_64-linux-gnu/9/collect2 -plugin /usr/lib/gcc/x86_64-linux-gnu/9/liblto_plugin.so -plugin-opt=/usr/lib/gcc/x86_64-linux-gnu/9/lto-wrapper -plugin-opt=-fresolution=/tmp/ccMIGc3a.res -plugin-opt=-pass-through=-lgcc -plugin-opt=-pass-through=-lgcc_s -plugin-opt=-pass-through=-lc -plugin-opt=-pass-through=-lgcc -plugin-opt=-pass-through=-lgcc_s --build-id --eh-frame-hdr -m elf_x86_64 --hash-style=gnu --as-needed -dynamic-linker /lib64/ld-linux-x86-64.so.2 -pie -z now -z relro -o cmTC_dc209 /usr/lib/gcc/x86_64-linux-gnu/9/../../../x86_64-linux-gnu/Scrt1.o /usr/lib/gcc/x86_64-linux-gnu/9/../../../x86_64-linux-gnu/crti.o /usr/lib/gcc/x86_64-linux-gnu/9/crtbeginS.o -L/usr/lib/gcc/x86_64-linux-gnu/9 -L/usr/lib/gcc/x86_64-linux-gnu/9/../../../x86_64-linux-gnu -L/usr/lib/gcc/x86_64-linux-gnu/9/../../../../lib -L/lib/x86_64-linux-gnu -L/lib/../lib -L/usr/lib/x86_64-linux-gnu -L/usr/lib/../lib -L/usr/lib/gcc/x86_64-linux-gnu/9/../../.. CMakeFiles/cmTC_dc209.dir/CMakeCCompilerABI.c.o -lgcc --push-state --as-needed -lgcc_s --pop-state -lc -lgcc --push-state --as-needed -lgcc_s --pop-state /usr/lib/gcc/x86_64-linux-gnu/9/crtendS.o /usr/lib/gcc/x86_64-linux-gnu/9/../../../x86_64-linux-gnu/crtn.o
COLLECT_GCC_OPTIONS='-v' '-o' 'cmTC_dc209' '-mtune=generic' '-march=x86-64'
make[1]: Leaving directory '/home/ash/ca-territorial/build/CMakeFiles/CMakeTmp'



Parsed C implicit include dir info from above output: rv=done
  found start of include info
  found start of implicit include info
    add: [/usr/lib/gcc/x86_64-linux-gnu/9/include]
    add: [/usr/local/include]
    add: [/usr/include/x86_64-linux-gnu]
    add: [/usr/include]
  end of search list found
  collapse include dir [/usr/lib/gcc/x86_64-linux-gnu/9/include] ==> [/usr/lib/gcc/x86_64-linux-gnu/9/include]
  collapse include dir [/usr/local/include] ==> [/usr/local/include]
  collapse include dir [/usr/include/x86_64-linux-gnu] ==> [/usr/include/x86_64-linux-gnu]
  collapse include dir [/usr/include] ==> [/usr/include]
  implicit include dirs: [/usr/lib/gcc/x86_64-linux-gnu/9/include;/usr/local/include;/usr/include/x86_64-linux-gnu;/usr/include]


Parsed C implicit link information from above output:
  link line regex: [^( *|.*[/\])(ld|CMAKE_LINK_STARTFILE-NOTFOUND|([^/\]+-)?ld|collect2)[^/\]*( |$)]
  ignore line: [Change Dir: /home/ash/ca-territorial/build/CMakeFiles/CMakeTmp]
  ignore line: []
  ignore line: [Run Build Command(s):/usr/bin/make cmTC_dc209/fast && /usr/bin/make -f CMakeFiles/cmTC_dc209.dir/build.make CMakeFiles/cmTC_dc209.dir/build]
  ignore line: [make[1]: Entering directory '/home/ash/ca-territorial/build/CMakeFiles/CMakeTmp']
  ignore line: [Building C object CMakeFiles/cmTC_dc209.dir/CMakeCCompilerABI.c.o]
  ignore line: [/usr/bin/cc   -fPIE   -v -o CMakeFiles/cmTC_dc209.dir/CMakeCCompilerABI.c.o   -c /usr/share/cmake-3.16/Modules/CMakeCCompilerABI.c]
  ignore line: [Using built-in specs.]
  ignore line: [COLLECT_GCC=/usr/bin/cc]
  ignore line: [OFFLOAD_TARGET_NAMES=nvptx-none:hsa]
  ignore line: [OFFLOAD_TARGET_DEFAULT=1]
  ignore line: [Target: x86_64-linux-gnu]
  ignore line: [Configured with: ../src/configure -v --with-pkgversion='Ubuntu 9.4.0-1ubuntu1~20.04.2' --with-bugurl=file:///usr/share/doc/gcc-9/README.Bugs --enable-languages=c ada c++ go brig d fortran objc obj-c++ gm2 --prefix=/usr --with-gcc-major-version-only --program-suffix=-9 --program-prefix=x86_64-linux-gnu- --enable-shared --enable-linker-build-id --libexecdir=/usr/lib --without-included-gettext --enable-threads=posix --libdir=/usr/lib --enable-nls --enable-clocale=gnu --enable-libstdcxx-debug --enable-libstdcxx-time=yes --with-default-libstdcxx-abi=new --enable-gnu-unique-object --disable-vtable-verify --enable-plugin --enable-default-pie --with-system-zlib --with-target-system-zlib=auto --enable-objc-gc=auto --enable-multiarch --disable-werror --with-arch-32=i686 --with-abi=m64 --with-multilib-list=m32 m64 mx32 --enable-multilib --with-tune=generic --enable-offload-targets=nvptx-none=/build/gcc-9-9QDOt0/gcc-9-9.4.0/debian/tmp-nvptx/usr hsa --without-cuda-driver --enable-checking=release --build=x86_64-linux-gnu --host=x86_64-linux-gnu --target=x86_64-linux-gnu]
  ignore line: [Thread model: posix]
  ignore line: [gcc version 9.4.0 (Ubuntu 9.4.0-1ubuntu1~20.04.2) ]
  ignore line: [COLLECT_GCC_OPTIONS='-fPIE' '-v' '-o' 'CMakeFiles/cmTC_dc209.dir/CMakeCCompilerABI.c.o' '-c' '-mtune=generic' '-march=x86-64']
  ignore line: [ /usr/lib/gcc/x86_64-linux-gnu/9/cc1 -quiet -v -imultiarch x86_64-linux-gnu /usr/share/cmake-3.16/Modules/CMakeCCompilerABI.c -quiet -dumpbase CMakeCCompilerABI.c -mtune=generic -march=x86-64 -auxbase-strip CMakeFiles/cmTC_dc209.dir/CMakeCCompilerABI.c.o -version -fPIE -fasynchronous-unwind-tables -fstack-protector-strong -Wformat -Wformat-security -fstack-clash-protection -fcf-protection -o /tmp/cceabeqI.s]
  ignore line: [GNU C17 (Ubuntu 9.4.0-1ubuntu1~20.04.2) version 9.4.0 (x86_64-linux-gnu)]
  ignore line: [	compiled by GNU C version 9.4.0  GMP version 6.2.0  MPFR version 4.0.2  MPC version 1.1.0  isl version isl-0.22.1-GMP]
  ignore line: []
  ignore line: [GGC heuristics: --param ggc-min-expand=100 --param ggc-min-heapsize=131072]
  ignore line: [ignoring nonexistent directory "/usr/local/include/x86_64-linux-gnu"]
  ignore line: [ignoring nonexistent directory "/usr/lib/gcc/x86_64-linux-gnu/9/include-fixed"]
  ignore line: [ignoring nonexistent directory "/usr/lib/gcc/x86_64-linux-gnu/9/../../../../x86_64-linux-gnu/include"]
  ignore line: [#include "..." search starts here:]
  ignore line: [#include <...> search starts here:]
  ignore line: [ /usr/lib/gcc/x86_64-linux-gnu/9/include]
  ignore line: [ /usr/local/include]
  ignore line: [ /usr/include/x86_64-linux-gnu]
  ignore line: [ /usr/include]
  ignore line: [End of search list.]
  ignore line: [GNU C17 (Ubuntu 9.4.0-1ubuntu1~20.04.2) version 9.4.0 (x86_64-linux-gnu)]
  ignore line: [	compiled by GNU C version 9.4.0  GMP version 6.2.0  MPFR version 4.0.2  MPC version 1.1.0  isl version isl-0.22.1-GMP]
  ignore line: []
  ignore line: [GGC heuristics: --param ggc-min-expand=100 --param ggc-min-heapsize=131072]
  ignore line: [Compiler executable checksum: 01da938ff5dc2163489aa33cb3b747a7]
  ignore line: [COLLECT_GCC_OPTIONS='-fPIE' '-v' '-o' 'CMakeFiles/cmTC_dc209.dir/CMakeCCompilerABI.c.o' '-c' '-mtune=generic' '-march=x86-64']
  ignore line: [ as -v --64 -o CMakeFiles/cmTC_dc209.dir/CMakeCCompilerABI.c.o /tmp/cceabeqI.s]
  ignore line: [GNU assembler version 2.34 (x86_64-linux-gnu) using BFD version (GNU Binutils for Ubuntu) 2.34]
  ignore line: [COMPILER_PATH=/usr/lib/gcc/x86_64-linux-gnu/9/:/usr/lib/gcc/x86_64-linux-gnu/9/:/usr/lib/gcc/x86_64-linux-gnu/:/usr/lib/gcc/x86_64-linux-gnu/9/:/usr/lib/gcc/x86_64-linux-gnu/]
  ignore line: [LIBRARY_PATH=/usr/lib/gcc/x86_64-linux-gnu/9/:/usr/lib/gcc/x86_64-linux-gnu/9/../../../x86_64-linux-gnu/:/usr/lib/gcc/x86_64-linux-gnu/9/../../../../lib/:/lib/x86_64-linux-gnu/:/lib/../lib/:/usr/lib/x86_64-linux-gnu/:/usr/lib/../lib/:/usr/lib/gcc/x86_64-linux-gnu/9/../../../:/lib/:/usr/lib/]
  ignore line: [COLLECT_GCC_OPTIONS='-fPIE' '-v' '-o' 'CMakeFiles/cmTC_dc209.dir/CMakeCCompilerABI.c.o' '-c' '-mtune=generic' '-march=x86-64']
  ignore line: [Linking C executable cmTC_dc209]
  ignore line: [/usr/bin/cmake -E cmake_link_script CMakeFiles/cmTC_dc209.dir/link.txt --verbose=1]
  ignore line: [/usr/bin/cc     -v CMakeFiles/cmTC_dc209.dir/CMakeCCompilerABI.c.o  -o cmTC_dc209 ]
  ignore line: [Using built-in specs.]
  ignore line: [COLLECT_GCC=/usr/bin/cc]
  ignore line: [COLLECT_LTO_WRAPPER=/usr/lib/gcc/x86_64-linux-gnu/9/lto-wrapper]
  ignore line: [OFFLOAD_TARGET_NAMES=nvptx-none:hsa]
  ignore line: [OFFLOAD_TARGET_DEFAULT=1]
  ignore line: [Target: x86_64-linux-gnu]
  ignore line: [Configured with: ../src/configure -v --with-pkgversion='Ubuntu 9.4.0-1ubuntu1~20.04.2' --with-bugurl=file:///usr/share/doc/gcc-9/README.Bugs --enable-languages=c ada c++ go brig d fortran objc obj-c++ gm2 --prefix=/usr --with-gcc-major-version-only --program-suffix=-9 --program-prefix=x86_64-linux-gnu- --enable-shared --enable-linker-build-id --libexecdir=/usr/lib --without-included-gettext --enable-threads=posix --libdir=/usr/lib --enable-nls --enable-clocale=gnu --enable-libstdcxx-debug --enable-libstdcxx-time=yes --with-default-libstdcxx-abi=new --enable-gnu-unique-object --disable-vtable-verify --enable-plugin --enable-default-pie --with-system-zlib --with-target-system-zlib=auto --enable-objc-gc=auto --enable-multiarch --disable-werror --with-arch-32=i686 --with-abi=m64 --with-multilib-list=m32 m64 mx32 --enable-multilib --with-tune=generic --enable-offload-targets=nvptx-none=/build/gcc-9-9QDOt0/gcc-9-9.4.0/debian/tmp-nvptx/usr hsa --without-cuda-driver --enable-checking=release --build=x86_64-linux-gnu --host=x86_64-linux-gnu --target=x86_64-linux-gnu]
  ignore line: [Thread model: posix]
  ignore line: [gcc version 9.4.0 (Ubuntu 9.4.0-1ubuntu1~20.04.2) ]
  ignore line: [COMPILER_PATH=/usr/lib/gcc/x86_64-linux-gnu/9/:/usr/lib/gcc/x86_64-linux-gnu/9/:/usr/lib/gcc/x86_64-linux-gnu/:/usr/lib/gcc/x86_64-linux-gnu/9/:/usr/lib/gcc/x86_64-linux-gnu/]
  ignore line: [LIBRARY_PATH=/usr/lib/gcc/x86_64-linux-gnu/9/:/usr/lib/gcc/x86_64-linux-gnu/9/../../../x86_64-linux-gnu/:/usr/lib/gcc/x86_64-linux-gnu/9/../../../../lib/:/lib/x86_64-linux-gnu/:/lib/../lib/:/usr/lib/x86_64-linux-gnu/:/usr/lib/../lib/:/usr/lib/gcc/x86_64-linux-gnu/9/../../../:/lib/:/usr/lib/]
  ignore line: [COLLECT_GCC_OPTIONS='-v' '-o' 'cmTC_dc209' '-mtune=generic' '-march=x86-64']
  link line: [ /usr/lib/gcc/x86_64-linux-gnu/9/collect2 -plugin /usr/lib/gcc/x86_64-linux-gnu/9/liblto_plugin.so -plugin-opt=/usr/lib/gcc/x86_64-linux-gnu/9/lto-wrapper -plugin-opt=-fresolution=/tmp/ccMIGc3a.res -plugin-opt=-pass-through=-lgcc -plugin-opt=-pass-through=-lgcc_s -plugin-opt=-pass-through=-lc -plugin-opt=-pass-through=-lgcc -plugin-opt=-pass-through=-lgcc_s --build-id --eh-frame-hdr -m elf_x86_64 --hash-style=gnu --as-needed -dynamic-linker /lib64/ld-linux-x86-64.so.2 -pie -z now -z relro -o cmTC_dc209 /usr/lib/gcc/x86_64-linux-gnu/9/../../../x86_64-linux-gnu/Scrt1.o /usr/lib/gcc/x86_64-linux-gnu/9/../../../x86_64-linux-gnu/crti.o /usr/lib/gcc/x86_64-linux-gnu/9/crtbeginS.o -L/usr/lib/gcc/x86_64-linux-gnu/9 -L/usr/lib/gcc/x86_64-linux-gnu/9/../../../x86_64-linux-gnu -L/usr/lib/gcc/x86_64-linux-gnu/9/../../../../lib -L/lib/x86_64-linux-gnu -L/lib/../lib -L/usr/lib/x86_64-linux-gnu -L/usr/lib/../lib -L/usr/lib/gcc/x86_64-linux-gnu/9/../../.. CMakeFiles/cmTC_dc209.dir/CMakeCCompilerABI.c.o -lgcc --push-state --as-needed -lgcc_s --pop-state -lc -lgcc --push-state --as-needed -lgcc_s --pop-state /usr/lib/gcc/x86_64-linux-gnu/9/crtendS.o /usr/lib/gcc/x86_64-linux-gnu/9/../../../x86_64-linux-gnu/crtn.o]
    arg [/usr/lib/gcc/x86_64-linux-gnu/9/collect2] ==> ignore
    arg [-plugin] ==> ignore
    arg [/usr/lib/gcc/x86_64-linux-gnu/9/liblto_plugin.so] ==> ignore
    arg [-plugin-opt=/usr/lib/gcc/x86_64-linux-gnu/9/lto-wrapper] ==> ignore
    arg [-plugin-opt=-fresolution=/tmp/ccMIGc3a.res] ==> ignore
    arg [-plugin-opt=-pass-through=-lgcc] ==> ignore
    arg [-plugin-opt=-pass-through=-lgcc_s] ==> ignore
    arg [-plugin-opt=-pass-through=-lc] ==> ignore
    arg [-plugin-opt=-pass-through=-lgcc] ==> ignore
    arg [-plugin-opt=-pass-through=-lgcc_s] ==> ignore
    arg [--build-id] ==> ignore
    arg [--eh-frame-hdr] ==> ignore
    arg [-m] ==> ignore
    arg [elf_x86_64] ==> ignore
    arg [--hash-style=gnu] ==> ignore
    arg [--as-needed] ==> ignore
    arg [-dynamic-linker] ==> ignore
    arg [/lib64/ld-linux-x86-64.so.2] ==> ignore
    arg [-pie] ==> ignore
    arg [-znow] ==> ignore
    arg [-zrelro] ==> ignore
    arg [-o] ==> ignore
    arg [cmTC_dc209] ==> ignore
    arg [/usr/lib/gcc/x86_64-linux-gnu/9/../../../x86_64-linux-gnu/Scrt1.o] ==> ignore
    arg [/usr/lib/gcc/x86_64-linux-gnu/9/../../../x86_64-linux-gnu/crti.o] ==> ignore
    arg [/usr/lib/gcc/x86_64-linux-gnu/9/crtbeginS.o] ==> ignore
    arg [-L/usr/lib/gcc/x86_64-linux-gnu/9] ==> dir [/usr/lib/gcc/x86_64-linux-gnu/9]
    arg [-L/usr/lib/gcc/x86_64-linux-gnu/9/../../../x86_64-linux-gnu] ==> dir [/usr/lib/gcc/x86_64-linux-gnu/9/../../../x86_64-linux-gnu]
    arg [-L/usr/lib/gcc/x86_64-linux-gnu/9/../../../../lib] ==> dir [/usr/lib/gcc/x86_64-linux-gnu/9/../../../../lib]
    arg [-L/lib/x86_64-linux-gnu] ==> dir [/lib/x86_64-linux-gnu]
    arg [-L/lib/../lib] ==> dir [/lib/../lib]
    arg [-L/usr/lib/x86_64-linux-gnu] ==> dir [/usr/lib/x86_64-linux-gnu]
    arg [-L/usr/lib/../lib] ==> dir [/usr/lib/../lib]
    arg [-L/usr/lib/gcc/x86_64-linux-gnu/9/../../..] ==> dir [/usr/lib/gcc/x86_64-linux-gnu/9/../../..]
    arg [CMakeFiles/cmTC_dc209.dir/CMakeCCompilerABI.c.o] ==> ignore
    arg [-lgcc] ==> lib [gcc]
    arg [--push-state] ==> ignore
    arg [--as-needed] ==> ignore
    arg [-lgcc_s] ==> lib [gcc_s]
    arg [--pop-state] ==> ignore
    arg [-lc] ==> lib [c]
    arg [-lgcc] ==> lib [gcc]
    arg [--push-state] ==> ignore
    arg [--as-needed] ==> ignore
    arg [-lgcc_s] ==> lib [gcc_s]
    arg [--pop-state] ==> ignore
    arg [/usr/lib/gcc/x86_64-linux-gnu/9/crtendS.o] ==> ignore
    arg [/usr/lib/gcc/x86_64-linux-gnu/9/../../../x86_64-linux-gnu/crtn.o] ==> ignore
  collapse library dir [/usr/lib/gcc/x86_64-linux-gnu/9] ==> [/usr/lib/gcc/x86_64-linux-gnu/9]
  collapse library dir [/usr/lib/gcc/x86_64-linux-gnu/9/../../../x86_64-linux-gnu] ==> [/usr/lib/x86_64-linux-gnu]
  collapse library dir [/usr/lib/gcc/x86_64-linux-gnu/9/../../../../lib] ==> [/usr/lib]
  collapse library dir [/lib/x86_64-linux-gnu] ==> [/lib/x86_64-linux-gnu]
  collapse library dir [/lib/../lib] ==> [/lib]
  collapse library dir [/usr/lib/x86_64-linux-gnu] ==> [/usr/lib/x86_64-linux-gnu]
  collapse library dir [/usr/lib/../lib] ==> [/usr/lib]
  collapse library dir [/usr/lib/gcc/x86_64-linux-gnu/9/../../..] ==> [/usr/lib]
  implicit libs: [gcc;gcc_s;c;gcc;gcc_s]
  implicit dirs: [/usr/lib/gcc/x86_64-linux-gnu/9;/usr/lib/x86_64-linux-gnu;/usr/lib;/lib/x86_64-linux-gnu;/lib]
  implicit fwks: []


Determining if the include file pthread.h exists passed with the following output:
Change Dir: /home/ash/ca-territorial/build/CMakeFiles/CMakeTmp

Run Build Command(s):/usr/bin/make cmTC_1f40e/fast && /usr/bin/make -f CMakeFiles/cmTC_1f40e.dir/build.make CMakeFiles/cmTC_1f40e.dir/build
make[1]: Entering directory '/home/ash/ca-territorial/build/CMakeFiles/CMakeTmp'
Building C object CMakeFiles/cmTC_1f40e.dir/CheckIncludeFile.c.o
/usr/bin/cc   -fsigned-char -W -Wall -Wreturn-type -Waddress -Wsequence-point -Wformat -Wformat-security -Wmissing-declarations -Wmissing-prototypes -Wstrict-prototypes -Wundef -Winit-self -Wpointer-arith -Wshadow -Wuninitialized -Wno-comment -Wimplicit-fallthrough=3 -Wno-strict-overflow -fdiagnostics-show-option -pthread -fomit-frame-pointer -ffunction-sections -fdata-sections  -msse3 -fvisibility=hidden  -O3 -DNDEBUG  -DNDEBUG -fPIE   -o CMakeFiles/cmTC_1f40e.dir/CheckIncludeFile.c.o   -c /home/ash/ca-territorial/build/CMakeFiles/CMakeTmp/CheckIncludeFile.c
Linking C executable cmTC_1f40e
/usr/bin/cmake -E cmake_link_script CMakeFiles/cmTC_1f40e.dir/link.txt --verbose=1
/usr/bin/cc    -fsigned-char -W -Wall -Wreturn-type -Waddress -Wsequence-point -Wformat -Wformat-security -Wmissing-declarations -Wmissing-prototypes -Wstrict-prototypes -Wundef -Winit-self -Wpointer-arith -Wshadow -Wuninitialized -Wno-comment -Wimplicit-fallthrough=3 -Wno-strict-overflow -fdiagnostics-show-option -pthread -fomit-frame-pointer -ffunction-sections -fdata-sections  -msse3 -fvisibility=hidden  -O3 -DNDEBUG  -DNDEBUG    -Wl,--gc-sections -Wl,--as-needed -Wl,--no-undefined  CMakeFiles/cmTC_1f40e.dir/CheckIncludeFile.c.o  -o cmTC_1f40e 
make[1]: Leaving directory '/home/ash/ca-territorial/build/CMakeFiles/CMakeTmp'



Determining if the posix_memalign exist passed with the following output:
Change Dir: /home/ash/ca-territorial/build/CMakeFiles/CMakeTmp

Run Build Command(s):/usr/bin/make cmTC_5d299/fast && /usr/bin/make -f CMakeFiles/cmTC_5d299.dir/build.make CMakeFiles/cmTC_5d299.dir/build
make[1]: Entering directory '/home/ash/ca-territorial/build/CMakeFiles/CMakeTmp'
Building C object CMakeFiles/cmTC_5d299.dir/CheckSymbolExists.c.o
/usr/bin/cc   -fsigned-char -W -Wall -Wreturn-type -Waddress -Wsequence-point -Wformat -Wformat-security -Wmissing-declarations -Wmissing-prototypes -Wstrict-prototypes -Wundef -Winit-self -Wpointer-arith -Wshadow -Wuninitialized -Wno-comment -Wimplicit-fallthrough=3 -Wno-strict-overflow -fdiagnostics-show-option -pthread -fomit-frame-pointer -ffunction-sections -fdata-sections  -msse3 -fvisibility=hidden  -O3 -DNDEBUG  -DNDEBUG -fPIE   -o CMakeFiles/cmTC_5d299.dir/CheckSymbolExists.c.o   -c /home/ash/ca-territorial/build/CMakeFiles/CMakeTmp/CheckSymbolExists.c
Linking C executable cmTC_5d299
/usr/bin/cmake -E cmake_link_script CMakeFiles/cmTC_5d299.dir/link.txt --verbose=1
/usr/bin/cc    -fsigned-char -W -Wall -Wreturn-type -Waddress -Wsequence-point -Wformat -Wformat-security -Wmissing-declarations -Wmissing-prototypes -Wstrict-prototypes -Wundef -Winit-self -Wpointer-arith -Wshadow -Wuninitialized -Wno-comment -Wimplicit-fallthrough=3 -Wno-strict-overflow -fdiagnostics-show-option -pthread -fomit-frame-pointer -ffunction-sections -fdata-sections  -msse3 -fvisibility=hidden  -O3 -DNDEBUG  -DNDEBUG    -Wl,--gc-sections -Wl,--as-needed -Wl,--no-undefined  CMakeFiles/cmTC_5d299.dir/CheckSymbolExists.c.o  -o cmTC_5d299 
make[1]: Leaving directory '/home/ash/ca-territorial/build/CMakeFiles/CMakeTmp'


File /home/ash/ca-territorial/build/CMakeFiles/CMakeTmp/CheckSymbolExists.c:
/* */
#include <stdlib.h>

int main(int argc, char** argv)
{
  (void)argv;
#ifndef posix_memalign
  return ((int*)(&posix_memalign))[argc];
#else
  (void)argc;
  return 0;
#endif
}
Determining if the include file malloc.h exists passed with the following output:
Change Dir: /home/ash/ca-territorial/build/CMakeFiles/CMakeTmp

Run Build Command(s):/usr/bin/make cmTC_a50c4/fast && /usr/bin/make -f CMakeFiles/cmTC_a50c4.dir/build.make CMakeFiles/cmTC_a50c4.dir/build
make[1]: Entering directory '/home/ash/ca-territorial/build/CMakeFiles/CMakeTmp'
Building C object CMakeFiles/cmTC_a50c4.dir/CheckIncludeFile.c.o
/usr/bin/cc   -fsigned-char -W -Wall -Wreturn-type -Waddress -Wsequence-point -Wformat -Wformat-security -Wmissing-declarations -Wmissing-prototypes -Wstrict-prototypes -Wundef -Winit-self -Wpointer-arith -Wshadow -Wuninitialized -Wno-comment -Wimplicit-fallthrough=3 -Wno-strict-overflow -fdiagnostics-show-option -pthread -fomit-frame-pointer -ffunction-sections -fdata-sections  -msse3 -fvisibility=hidden  -O3 -DNDEBUG  -DNDEBUG -fPIE   -o CMakeFiles/cmTC_a50c4.dir/CheckIncludeFile.c.o   -c /home/ash/ca-territorial/build/CMakeFiles/CMakeTmp/CheckIncludeFile.c
Linking C executable cmTC_a50c4
/usr/bin/cmake -E cmake_link_script CMakeFiles/cmTC_a50c4.dir/link.txt --verbose=1
/usr/bin/cc    -fsigned-char -W -Wall -Wreturn-type -Waddress -Wsequence-point -Wformat -Wformat-security -Wmissing-declarations -Wmissing-prototypes -Wstrict-prototypes -Wundef -Winit-self -Wpointer-arith -Wshadow -Wuninitialized -Wno-comment -Wimplicit-fallthrough=3 -Wno-strict-overflow -fdiagnostics-show-option -pthread -fomit-frame-pointer -ffunction-sections -fdata-sections  -msse3 -fvisibility=hidden  -O3 -DNDEBUG  -DNDEBUG    -Wl,--gc-sections -Wl,--as-needed -Wl,--no-undefined  CMakeFiles/cmTC_a50c4.dir/CheckIncludeFile.c.o  -o cmTC_a50c4 
make[1]: Leaving directory '/home/ash/ca-territorial/build/CMakeFiles/CMakeTmp'



Determining if the memalign exist passed with the following output:
Change Dir: /home/ash/ca-territorial/build/CMakeFiles/CMakeTmp

Run Build Command(s):/usr/bin/make cmTC_6c0f6/fast && /usr/bin/make -f CMakeFiles/cmTC_6c0f6.dir/build.make CMakeFiles/cmTC_6c0f6.dir/build
make[1]: Entering directory '/home/ash/ca-territorial/build/CMakeFiles/CMakeTmp'
Building C object CMakeFiles/cmTC_6c0f6.dir/CheckSymbolExists.c.o
/usr/bin/cc   -fsigned-char -W -Wall -Wreturn-type -Waddress -Wsequence-point -Wformat -Wformat-security -Wmissing-declarations -Wmissing-prototypes -Wstrict-prototypes -Wundef -Winit-self -Wpointer-arith -Wshadow -Wuninitialized -Wno-comment -Wimplicit-fallthrough=3 -Wno-strict-overflow -fdiagnostics-show-option -pthread -fomit-frame-pointer -ffunction-sections -fdata-sections  -msse3 -fvisibility=hidden  -O3 -DNDEBUG  -DNDEBUG -fPIE   -o CMakeFiles/cmTC_6c0f6.dir/CheckSymbolExists.c.o   -c /home/ash/ca-territorial/build/CMakeFiles/CMakeTmp/CheckSymbolExists.c
Linking C executable cmTC_6c0f6
/usr/bin/cmake -E cmake_link_script CMakeFiles/cmTC_6c0f6.dir/link.txt --verbose=1
/usr/bin/cc    -fsigned-char -W -Wall -Wreturn-type -Waddress -Wsequence-point -Wformat -Wformat-security -Wmissing-declarations -Wmissing-prototypes -Wstrict-prototypes -Wundef -Winit-self -Wpointer-arith -Wshadow -Wuninitialized -Wno-comment -Wimplicit-fallthrough=3 -Wno-strict-overflow -fdiagnostics-show-option -pthread -fomit-frame-pointer -ffunction-sections -fdata-sections  -msse3 -fvisibility=hidden  -O3 -DNDEBUG  -DNDEBUG    -Wl,--gc-sections -Wl,--as-needed -Wl,--no-undefined  CMakeFiles/cmTC_6c0f6.dir/CheckSymbolExists.c.o  -o cmTC_6c0f6 
make[1]: Leaving directory '/home/ash/ca-territorial/build/CMakeFiles/CMakeTmp'


File /home/ash/ca-territorial/build/CMakeFiles/CMakeTmp/CheckSymbolExists.c:
/* */
#include <malloc.h>

int main(int argc, char** argv)
{
  (void)argv;
#ifndef memalign
  return ((int*)(&memalign))[argc];
#else
  (void)argc;
  return 0;
#endif
}
Determining if the getauxval exist passed with the following output:
Change Dir: /home/ash/ca-territorial/build/CMakeFiles/CMakeTmp

Run Build Command(s):/usr/bin/make cmTC_3d8e6/fast && /usr/bin/make -f CMakeFiles/cmTC_3d8e6.dir/build.make CMakeFiles/cmTC_3d8e6.dir/build
make[1]: Entering directory '/home/ash/ca-territorial/build/CMakeFiles/CMakeTmp'
Building C object CMakeFiles/cmTC_3d8e6.dir/CheckSymbolExists.c.o
/usr/bin/cc   -fsigned-char -W -Wall -Wreturn-type -Waddress -Wsequence-point -Wformat -Wformat-security -Wmissing-declarations -Wmissing-prototypes -Wstrict-prototypes -Wundef -Winit-self -Wpointer-arith -Wshadow -Wuninitialized -Wno-comment -Wimplicit-fallthrough=3 -Wno-strict-overflow -fdiagnostics-show-option -pthread -fomit-frame-pointer -ffunction-sections -fdata-sections  -msse3 -fvisibility=hidden  -O3 -DNDEBUG  -DNDEBUG -fPIE   -o CMakeFiles/cmTC_3d8e6.dir/CheckSymbolExists.c.o   -c /home/ash/ca-territorial/build/CMakeFiles/CMakeTmp/CheckSymbolExists.c
Linking C executable cmTC_3d8e6
/usr/bin/cmake -E cmake_link_script CMakeFiles/cmTC_3d8e6.dir/link.txt --verbose=1
/usr/bin/cc    -fsigned-char -W -Wall -Wreturn-type -Waddress -Wsequence-point -Wformat -Wformat-security -Wmissing-declarations -Wmissing-prototypes -Wstrict-prototypes -Wundef -Winit-self -Wpointer-arith -Wshadow -Wuninitialized -Wno-comment -Wimplicit-fallthrough=3 -Wno-strict-overflow -fdiagnostics-show-option -pthread -fomit-frame-pointer -ffunction-sections -fdata-sections  -msse3 -fvisibility=hidden  -O3 -DNDEBUG  -DNDEBUG    -Wl,--gc-sections -Wl,--as-needed -Wl,--no-undefined  CMakeFiles/cmTC_3d8e6.dir/CheckSymbolExists.c.o  -o cmTC_3d8e6 
make[1]: Leaving directory '/home/ash/ca-territorial/build/CMakeFiles/CMakeTmp'


File /home/ash/ca-territorial/build/CMakeFiles/CMakeTmp/CheckSymbolExists.c:
/* */
#include <sys/auxv.h>

int main(int argc, char** argv)
{
  (void)argv;
#ifndef getauxval
  return ((int*)(&getauxval))[argc];
#else
  (void)argc;
  return 0;
#endif
}
Determining if the include file sys/types.h exists passed with the following output:
Change Dir: /home/ash/ca-territorial/build/CMakeFiles/CMakeTmp

Run Build Command(s):/usr/bin/make cmTC_87df3/fast && /usr/bin/make -f CMakeFiles/cmTC_87df3.dir/build.make CMakeFiles/cmTC_87df3.dir/build
make[1]: Entering directory '/home/ash/ca-territorial/build/CMakeFiles/CMakeTmp'
Building C object CMakeFiles/cmTC_87df3.dir/CheckIncludeFile.c.o
/usr/bin/cc   -fsigned-char -W -Wall -Wreturn-type -Waddress -Wsequence-point -Wformat -Wformat-security -Wmissing-declarations -Wmissing-prototypes -Wstrict-prototypes -Wundef -Winit-self -Wpointer-arith -Wshadow -Wuninitialized -Wno-comment -Wimplicit-fallthrough=3 -Wno-strict-overflow -fdiagnostics-show-option -pthread -fomit-frame-pointer -ffunction-sections -fdata-sections  -msse3 -fvisibility=hidden  -O3 -DNDEBUG  -DNDEBUG -fPIE   -o CMakeFiles/cmTC_87df3.dir/CheckIncludeFile.c.o   -c /home/ash/ca-territorial/build/CMakeFiles/CMakeTmp/CheckIncludeFile.c
Linking C executable cmTC_87df3
/usr/bin/cmake -E cmake_link_script CMakeFiles/cmTC_87df3.dir/link.txt --verbose=1
/usr/bin/cc    -fsigned-char -W -Wall -Wreturn-type -Waddress -Wsequence-point -Wformat -Wformat-security -Wmissing-declarations -Wmissing-prototypes -Wstrict-prototypes -Wundef -Winit-self -Wpointer-arith -Wshadow -Wuninitialized -Wno-comment -Wimplicit-fallthrough=3 -Wno-strict-overflow -fdiagnostics-show-option -pthread -fomit-frame-pointer -ffunction-sections -fdata-sections  -msse3 -fvisibility=hidden  -O3 -DNDEBUG  -DNDEBUG    -Wl,--gc-sections -Wl,--as-needed -Wl,--no-undefined  CMakeFiles/cmTC_87df3.dir/CheckIncludeFile.c.o  -o cmTC_87df3 
make[1]: Leaving directory '/home/ash/ca-territorial/build/CMakeFiles/CMakeTmp'



Determining if the include file stdint.h exists passed with the following output:
Change Dir: /home/ash/ca-territorial/build/CMakeFiles/CMakeTmp

Run Build Command(s):/usr/bin/make cmTC_3b363/fast && /usr/bin/make -f CMakeFiles/cmTC_3b363.dir/build.make CMakeFiles/cmTC_3b363.dir/build
make[1]: Entering directory '/home/ash/ca-territorial/build/CMakeFiles/CMakeTmp'
Building C object CMakeFiles/cmTC_3b363.dir/CheckIncludeFile.c.o
/usr/bin/cc   -fsigned-char -W -Wall -Wreturn-type -Waddress -Wsequence-point -Wformat -Wformat-security -Wmissing-declarations -Wmissing-prototypes -Wstrict-prototypes -Wundef -Winit-self -Wpointer-arith -Wshadow -Wuninitialized -Wno-comment -Wimplicit-fallthrough=3 -Wno-strict-overflow -fdiagnostics-show-option -pthread -fomit-frame-pointer -ffunction-sections -fdata-sections  -msse3 -fvisibility=hidden  -O3 -DNDEBUG  -DNDEBUG -fPIE   -o CMakeFiles/cmTC_3b363.dir/CheckIncludeFile.c.o   -c /home/ash/ca-territorial/build/CMakeFiles/CMakeTmp/CheckIncludeFile.c
Linking C executable cmTC_3b363
/usr/bin/cmake -E cmake_link_script CMakeFiles/cmTC_3b363.dir/link.txt --verbose=1
/usr/bin/cc    -fsigned-char -W -Wall -Wreturn-type -Waddress -Wsequence-point -Wformat -Wformat-security -Wmissing-declarations -Wmissing-prototypes -Wstrict-prototypes -Wundef -Winit-self -Wpointer-arith -Wshadow -Wuninitialized -Wno-comment -Wimplicit-fallthrough=3 -Wno-strict-overflow -fdiagnostics-show-option -pthread -fomit-frame-pointer -ffunction-sections -fdata-sections  -msse3 -fvisibility=hidden  -O3 -DNDEBUG  -DNDEBUG    -Wl,--gc-sections -Wl,--as-needed -Wl,--no-undefined  CMakeFiles/cmTC_3b363.dir/CheckIncludeFile.c.o  -o cmTC_3b363 
make[1]: Leaving directory '/home/ash/ca-territorial/build/CMakeFiles/CMakeTmp'



Determining if the include file stddef.h exists passed with the following output:
Change Dir: /home/ash/ca-territorial/build/CMakeFiles/CMakeTmp

Run Build Command(s):/usr/bin/make cmTC_9e4f9/fast && /usr/bin/make -f CMakeFiles/cmTC_9e4f9.dir/build.make CMakeFiles/cmTC_9e4f9.dir/build
make[1]: Entering directory '/home/ash/ca-territorial/build/CMakeFiles/CMakeTmp'
Building C object CMakeFiles/cmTC_9e4f9.dir/CheckIncludeFile.c.o
/usr/bin/cc   -fsigned-char -W -Wall -Wreturn-type -Waddress -Wsequence-point -Wformat -Wformat-security -Wmissing-declarations -Wmissing-prototypes -Wstrict-prototypes -Wundef -Winit-self -Wpointer-arith -Wshadow -Wuninitialized -Wno-comment -Wimplicit-fallthrough=3 -Wno-strict-overflow -fdiagnostics-show-option -pthread -fomit-frame-pointer -ffunction-sections -fdata-sections  -msse3 -fvisibility=hidden  -O3 -DNDEBUG  -DNDEBUG -fPIE   -o CMakeFiles/cmTC_9e4f9.dir/CheckIncludeFile.c.o   -c /home/ash/ca-territorial/build/CMakeFiles/CMakeTmp/CheckIncludeFile.c
Linking C executable cmTC_9e4f9
/usr/bin/cmake -E cmake_link_script CMakeFiles/cmTC_9e4f9.dir/link.txt --verbose=1
/usr/bin/cc    -fsigned-char -W -Wall -Wreturn-type -Waddress -Wsequence-point -Wformat -Wformat-security -Wmissing-declarations -Wmissing-prototypes -Wstrict-prototypes -Wundef -Winit-self -Wpointer-arith -Wshadow -Wuninitialized -Wno-comment -Wimplicit-fallthrough=3 -Wno-strict-overflow -fdiagnostics-show-option -pthread -fomit-frame-pointer -ffunction-sections -fdata-sections  -msse3 -fvisibility=hidden  -O3 -DNDEBUG  -DNDEBUG    -Wl,--gc-sections -Wl,--as-needed -Wl,--no-undefined  CMakeFiles/cmTC_9e4f9.dir/CheckIncludeFile.c.o  -o cmTC_9e4f9 
make[1]: Leaving directory '/home/ash/ca-territorial/build/CMakeFiles/CMakeTmp'



Determining size of unsigned short passed with the following output:
Change Dir: /home/ash/ca-territorial/build/CMakeFiles/CMakeTmp

Run Build Command(s):/usr/bin/make cmTC_b3bfb/fast && /usr/bin/make -f CMakeFiles/cmTC_b3bfb.dir/build.make CMakeFiles/cmTC_b3bfb.dir/build
make[1]: Entering directory '/home/ash/ca-territorial/build/CMakeFiles/CMakeTmp'
Building C object CMakeFiles/cmTC_b3bfb.dir/CMAKE_SIZEOF_UNSIGNED_SHORT.c.o
/usr/bin/cc   -fsigned-char -W -Wall -Wreturn-type -Waddress -Wsequence-point -Wformat -Wformat-security -Wmissing-declarations -Wmissing-prototypes -Wstrict-prototypes -Wundef -Winit-self -Wpointer-arith -Wshadow -Wuninitialized -Wno-comment -Wimplicit-fallthrough=3 -Wno-strict-overflow -fdiagnostics-show-option -pthread -fomit-frame-pointer -ffunction-sections -fdata-sections  -msse3 -fvisibility=hidden  -O3 -DNDEBUG  -DNDEBUG -fPIE   -o CMakeFiles/cmTC_b3bfb.dir/CMAKE_SIZEOF_UNSIGNED_SHORT.c.o   -c /home/ash/ca-territorial/build/CMakeFiles/CheckTypeSize/CMAKE_SIZEOF_UNSIGNED_SHORT.c
Linking C executable cmTC_b3bfb
/usr/bin/cmake -E cmake_link_script CMakeFiles/cmTC_b3bfb.dir/link.txt --verbose=1
/usr/bin/cc    -fsigned-char -W -Wall -Wreturn-type -Waddress -Wsequence-point -Wformat -Wformat-security -Wmissing-declarations -Wmissing-prototypes -Wstrict-prototypes -Wundef -Winit-self -Wpointer-arith -Wshadow -Wuninitialized -Wno-comment -Wimplicit-fallthrough=3 -Wno-strict-overflow -fdiagnostics-show-option -pthread -fomit-frame-pointer -ffunction-sections -fdata-sections  -msse3 -fvisibility=hidden  -O3 -DNDEBUG  -DNDEBUG    -Wl,--gc-sections -Wl,--as-needed -Wl,--no-undefined  CMakeFiles/cmTC_b3bfb.dir/CMAKE_SIZEOF_UNSIGNED_SHORT.c.o  -o cmTC_b3bfb 
make[1]: Leaving directory '/home/ash/ca-territorial/build/CMakeFiles/CMakeTmp'



Determining if the system is big endian passed with the following output:
Change Dir: /home/ash/ca-territorial/build/CMakeFiles/CMakeTmp

Run Build Command(s):/usr/bin/make cmTC_0cbd4/fast && /usr/bin/make -f CMakeFiles/cmTC_0cbd4.dir/build.make CMakeFiles/cmTC_0cbd4.dir/build
make[1]: Entering directory '/home/ash/ca-territorial/build/CMakeFiles/CMakeTmp'
Building C object CMakeFiles/cmTC_0cbd4.dir/TestEndianess.c.o
/usr/bin/cc   -fsigned-char -W -Wall -Wreturn-type -Waddress -Wsequence-point -Wformat -Wformat-security -Wmissing-declarations -Wmissing-prototypes -Wstrict-prototypes -Wundef -Winit-self -Wpointer-arith -Wshadow -Wuninitialized -Wno-comment -Wimplicit-fallthrough=3 -Wno-strict-overflow -fdiagnostics-show-option -pthread -fomit-frame-pointer -ffunction-sections -fdata-sections  -msse3 -fvisibility=hidden  -O3 -DNDEBUG  -DNDEBUG -fPIE   -o CMakeFiles/cmTC_0cbd4.dir/TestEndianess.c.o   -c /home/ash/ca-territorial/build/CMakeFiles/CMakeTmp/TestEndianess.c
Linking C executable cmTC_0cbd4
/usr/bin/cmake -E cmake_link_script CMakeFiles/cmTC_0cbd4.dir/link.txt --verbose=1
/usr/bin/cc    -fsigned-char -W -Wall -Wreturn-type -Waddress -Wsequence-point -Wformat -Wformat-security -Wmissing-declarations -Wmissing-prototypes -Wstrict-prototypes -Wundef -Winit-self -Wpointer-arith -Wshadow -Wuninitialized -Wno-comment -Wimplicit-fallthrough=3 -Wno-strict-overflow -fdiagnostics-show-option -pthread -fomit-frame-pointer -ffunction-sections -fdata-sections  -msse3 -fvisibility=hidden  -O3 -DNDEBUG  -DNDEBUG    -Wl,--gc-sections -Wl,--as-needed -Wl,--no-undefined  CMakeFiles/cmTC_0cbd4.dir/TestEndianess.c.o  -o cmTC_0cbd4 
make[1]: Leaving directory '/home/ash/ca-territorial/build/CMakeFiles/CMakeTmp'


TestEndianess.c:
/* A 16 bit integer is required. */
typedef unsigned short cmakeint16;

/* On a little endian machine, these 16bit ints will give "THIS IS LITTLE ENDIAN."
   On a big endian machine the characters will be exchanged pairwise. */
const cmakeint16 info_little[] =  {0x4854, 0x5349, 0x4920, 0x2053, 0x494c, 0x5454, 0x454c, 0x4520, 0x444e, 0x4149, 0x2e4e, 0x0000};

/* on a big endian machine, these 16bit ints will give "THIS IS BIG ENDIAN."
   On a little endian machine the characters will be exchanged pairwise. */
const cmakeint16 info_big[] =     {0x5448, 0x4953, 0x2049, 0x5320, 0x4249, 0x4720, 0x454e, 0x4449, 0x414e, 0x2e2e, 0x0000};

#ifdef __CLASSIC_C__
int main(argc, argv) int argc; char *argv[];
#else
int main(int argc, char *argv[])
#endif
{
  int require = 0;
  require += info_little[argc];
  require += info_big[argc];
  (void)argv;
  return require;
}


Determining size of size_t passed with the following output:
Change Dir: /home/ash/ca-territorial/build/CMakeFiles/CMakeTmp

Run Build Command(s):/usr/bin/make cmTC_7b837/fast && /usr/bin/make -f CMakeFiles/cmTC_7b837.dir/build.make CMakeFiles/cmTC_7b837.dir/build
make[1]: Entering directory '/home/ash/ca-territorial/build/CMakeFiles/CMakeTmp'
Building C object CMakeFiles/cmTC_7b837.dir/SIZE_T.c.o
/usr/bin/cc   -fsigned-char -W -Wall -Wreturn-type -Waddress -Wsequence-point -Wformat -Wformat-security -Wmissing-declarations -Wmissing-prototypes -Wstrict-prototypes -Wundef -Winit-self -Wpointer-arith -Wshadow -Wuninitialized -Wno-comment -Wno-strict-overflow -fdiagnostics-show-option -pthread -fomit-frame-pointer -ffunction-sections -fdata-sections  -msse3 -fvisibility=hidden -Wno-unused-parameter -Wno-sign-compare -Wno-implicit-fallthrough  -O3 -DNDEBUG  -DNDEBUG -fPIE   -o CMakeFiles/cmTC_7b837.dir/SIZE_T.c.o   -c /home/ash/ca-territorial/build/CMakeFiles/CheckTypeSize/SIZE_T.c
Linking C executable cmTC_7b837
/usr/bin/cmake -E cmake_link_script CMakeFiles/cmTC_7b837.dir/link.txt --verbose=1
/usr/bin/cc    -fsigned-char -W -Wall -Wreturn-type -Waddress -Wsequence-point -Wformat -Wformat-security -Wmissing-declarations -Wmissing-prototypes -Wstrict-prototypes -Wundef -Winit-self -Wpointer-arith -Wshadow -Wuninitialized -Wno-comment -Wno-strict-overflow -fdiagnostics-show-option -pthread -fomit-frame-pointer -ffunction-sections -fdata-sections  -msse3 -fvisibility=hidden -Wno-unused-parameter -Wno-sign-compare -Wno-implicit-fallthrough  -O3 -DNDEBUG  -DNDEBUG    -Wl,--gc-sections -Wl,--as-needed -Wl,--no-undefined  CMakeFiles/cmTC_7b837.dir/SIZE_T.c.o  -o cmTC_7b837 
make[1]: Leaving directory '/home/ash/ca-territorial/build/CMakeFiles/CMakeTmp'



Determining size of unsigned long passed with the following output:
Change Dir: /home/ash/ca-territorial/build/CMakeFiles/CMakeTmp

Run Build Command(s):/usr/bin/make cmTC_c2848/fast && /usr/bin/make -f CMakeFiles/cmTC_c2848.dir/build.make CMakeFiles/cmTC_c2848.dir/build
make[1]: Entering directory '/home/ash/ca-territorial/build/CMakeFiles/CMakeTmp'
Building C object CMakeFiles/cmTC_c2848.dir/UNSIGNED_LONG.c.o
/usr/bin/cc   -fsigned-char -W -Wall -Wreturn-type -Waddress -Wsequence-point -Wformat -Wformat-security -Wmissing-declarations -Wmissing-prototypes -Wstrict-prototypes -Wundef -Winit-self -Wpointer-arith -Wshadow -Wuninitialized -Wno-comment -Wno-strict-overflow -fdiagnostics-show-option -pthread -fomit-frame-pointer -ffunction-sections -fdata-sections  -msse3 -fvisibility=hidden -Wno-unused-parameter -Wno-sign-compare -Wno-implicit-fallthrough  -O3 -DNDEBUG  -DNDEBUG -fPIE   -o CMakeFiles/cmTC_c2848.dir/UNSIGNED_LONG.c.o   -c /home/ash/ca-territorial/build/CMakeFiles/CheckTypeSize/UNSIGNED_LONG.c
Linking C executable cmTC_c2848
/usr/bin/cmake -E cmake_link_script CMakeFiles/cmTC_c2848.dir/link.txt --verbose=1
/usr/bin/cc    -fsigned-char -W -Wall -Wreturn-type -Waddress -Wsequence-point -Wformat -Wformat-security -Wmissing-declarations -Wmissing-prototypes -Wstrict-prototypes -Wundef -Winit-self -Wpointer-arith -Wshadow -Wuninitialized -Wno-comment -Wno-strict-overflow -fdiagnostics-show-option -pthread -fomit-frame-pointer -ffunction-sections -fdata-sections  -msse3 -fvisibility=hidden -Wno-unused-parameter -Wno-sign-compare -Wno-implicit-fallthrough  -O3 -DNDEBUG  -DNDEBUG    -Wl,--gc-sections -Wl,--as-needed -Wl,--no-undefined  CMakeFiles/cmTC_c2848.dir/UNSIGNED_LONG.c.o  -o cmTC_c2848 
make[1]: Leaving directory '/home/ash/ca-territorial/build/CMakeFiles/CMakeTmp'



Determining if files locale.h exist passed with the following output:
Change Dir: /home/ash/ca-territorial/build/CMakeFiles/CMakeTmp

Run Build Command(s):/usr/bin/make cmTC_a4128/fast && /usr/bin/make -f CMakeFiles/cmTC_a4128.dir/build.make CMakeFiles/cmTC_a4128.dir/build
make[1]: Entering directory '/home/ash/ca-territorial/build/CMakeFiles/CMakeTmp'
Building C object CMakeFiles/cmTC_a4128.dir/HAVE_LOCALE_H.c.o
/usr/bin/cc   -fsigned-char -W -Wall -Wreturn-type -Waddress -Wsequence-point -Wformat -Wformat-security -Wmissing-declarations -Wmissing-prototypes -Wstrict-prototypes -Wundef -Winit-self -Wpointer-arith -Wshadow -Wuninitialized -Wno-comment -Wno-strict-overflow -fdiagnostics-show-option -pthread -fomit-frame-pointer -ffunction-sections -fdata-sections  -msse3 -fvisibility=hidden -Wno-unused-parameter -Wno-sign-compare -Wno-implicit-fallthrough  -O3 -DNDEBUG  -DNDEBUG -fPIE   -o CMakeFiles/cmTC_a4128.dir/HAVE_LOCALE_H.c.o   -c /home/ash/ca-territorial/build/CMakeFiles/CheckIncludeFiles/HAVE_LOCALE_H.c
Linking C executable cmTC_a4128
/usr/bin/cmake -E cmake_link_script CMakeFiles/cmTC_a4128.dir/link.txt --verbose=1
/usr/bin/cc    -fsigned-char -W -Wall -Wreturn-type -Waddress -Wsequence-point -Wformat -Wformat-security -Wmissing-declarations -Wmissing-prototypes -Wstrict-prototypes -Wundef -Winit-self -Wpointer-arith -Wshadow -Wuninitialized -Wno-comment -Wno-strict-overflow -fdiagnostics-show-option -pthread -fomit-frame-pointer -ffunction-sections -fdata-sections  -msse3 -fvisibility=hidden -Wno-unused-parameter -Wno-sign-compare -Wno-implicit-fallthrough  -O3 -DNDEBUG  -DNDEBUG    -Wl,--gc-sections -Wl,--as-needed -Wl,--no-undefined  CMakeFiles/cmTC_a4128.dir/HAVE_LOCALE_H.c.o  -o cmTC_a4128 
make[1]: Leaving directory '/home/ash/ca-territorial/build/CMakeFiles/CMakeTmp'



Determining if files stdlib.h exist passed with the following output:
Change Dir: /home/ash/ca-territorial/build/CMakeFiles/CMakeTmp

Run Build Command(s):/usr/bin/make cmTC_7a2dc/fast && /usr/bin/make -f CMakeFiles/cmTC_7a2dc.dir/build.make CMakeFiles/cmTC_7a2dc.dir/build
make[1]: Entering directory '/home/ash/ca-territorial/build/CMakeFiles/CMakeTmp'
Building C object CMakeFiles/cmTC_7a2dc.dir/HAVE_STDLIB_H.c.o
/usr/bin/cc   -fsigned-char -W -Wall -Wreturn-type -Waddress -Wsequence-point -Wformat -Wformat-security -Wmissing-declarations -Wmissing-prototypes -Wstrict-prototypes -Wundef -Winit-self -Wpointer-arith -Wshadow -Wuninitialized -Wno-comment -Wno-strict-overflow -fdiagnostics-show-option -pthread -fomit-frame-pointer -ffunction-sections -fdata-sections  -msse3 -fvisibility=hidden -Wno-unused-parameter -Wno-sign-compare -Wno-implicit-fallthrough  -O3 -DNDEBUG  -DNDEBUG -fPIE   -o CMakeFiles/cmTC_7a2dc.dir/HAVE_STDLIB_H.c.o   -c /home/ash/ca-territorial/build/CMakeFiles/CheckIncludeFiles/HAVE_STDLIB_H.c
Linking C executable cmTC_7a2dc
/usr/bin/cmake -E cmake_link_script CMakeFiles/cmTC_7a2dc.dir/link.txt --verbose=1
/usr/bin/cc    -fsigned-char -W -Wall -Wreturn-type -Waddress -Wsequence-point -Wformat -Wformat-security -Wmissing-declarations -Wmissing-prototypes -Wstrict-prototypes -Wundef -Winit-self -Wpointer-arith -Wshadow -Wuninitialized -Wno-comment -Wno-strict-overflow -fdiagnostics-show-option -pthread -fomit-frame-pointer -ffunction-sections -fdata-sections  -msse3 -fvisibility=hidden -Wno-unused-parameter -Wno-sign-compare -Wno-implicit-fallthrough  -O3 -DNDEBUG  -DNDEBUG    -Wl,--gc-sections -Wl,--as-needed -Wl,--no-undefined  CMakeFiles/cmTC_7a2dc.dir/HAVE_STDLIB_H.c.o  -o cmTC_7a2dc 
make[1]: Leaving directory '/home/ash/ca-territorial/build/CMakeFiles/CMakeTmp'



Determining if files sys/types.h exist passed with the following output:
Change Dir: /home/ash/ca-territorial/build/CMakeFiles/CMakeTmp

Run Build Command(s):/usr/bin/make cmTC_a53fa/fast && /usr/bin/make -f CMakeFiles/cmTC_a53fa.dir/build.make CMakeFiles/cmTC_a53fa.dir/build
make[1]: Entering directory '/home/ash/ca-territorial/build/CMakeFiles/CMakeTmp'
Building C object CMakeFiles/cmTC_a53fa.dir/NEED_SYS_TYPES_H.c.o
/usr/bin/cc   -fsigned-char -W -Wall -Wreturn-type -Waddress -Wsequence-point -Wformat -Wformat-security -Wmissing-declarations -Wmissing-prototypes -Wstrict-prototypes -Wundef -Winit-self -Wpointer-arith -Wshadow -Wuninitialized -Wno-comment -Wno-strict-overflow -fdiagnostics-show-option -pthread -fomit-frame-pointer -ffunction-sections -fdata-sections  -msse3 -fvisibility=hidden -Wno-unused-parameter -Wno-sign-compare -Wno-implicit-fallthrough  -O3 -DNDEBUG  -DNDEBUG -fPIE   -o CMakeFiles/cmTC_a53fa.dir/NEED_SYS_TYPES_H.c.o   -c /home/ash/ca-territorial/build/CMakeFiles/CheckIncludeFiles/NEED_SYS_TYPES_H.c
Linking C executable cmTC_a53fa
/usr/bin/cmake -E cmake_link_script CMakeFiles/cmTC_a53fa.dir/link.txt --verbose=1
/usr/bin/cc    -fsigned-char -W -Wall -Wreturn-type -Waddress -Wsequence-point -Wformat -Wformat-security -Wmissing-declarations -Wmissing-prototypes -Wstrict-prototypes -Wundef -Winit-self -Wpointer-arith -Wshadow -Wuninitialized -Wno-comment -Wno-strict-overflow -fdiagnostics-show-option -pthread -fomit-frame-pointer -ffunction-sections -fdata-sections  -msse3 -fvisibility=hidden -Wno-unused-parameter -Wno-sign-compare -Wno-implicit-fallthrough  -O3 -DNDEBUG  -DNDEBUG    -Wl,--gc-sections -Wl,--as-needed -Wl,--no-undefined  CMakeFiles/cmTC_a53fa.dir/NEED_SYS_TYPES_H.c.o  -o cmTC_a53fa 
make[1]: Leaving directory '/home/ash/ca-territorial/build/CMakeFiles/CMakeTmp'



Determining if the include file assert.h exists passed with the following output:
Change Dir: /home/ash/ca-territorial/build/CMakeFiles/CMakeTmp

Run Build Command(s):/usr/bin/make cmTC_c48c5/fast && /usr/bin/make -f CMakeFiles/cmTC_c48c5.dir/build.make CMakeFiles/cmTC_c48c5.dir/build
make[1]: Entering directory '/home/ash/ca-territorial/build/CMakeFiles/CMakeTmp'
Building C object CMakeFiles/cmTC_c48c5.dir/CheckIncludeFile.c.o
/usr/bin/cc   -fsigned-char -W -Wall -Wreturn-type -Waddress -Wsequence-point -Wformat -Wformat-security -Wmissing-declarations -Wmissing-prototypes -Wstrict-prototypes -Wundef -Winit-self -Wpointer-arith -Wshadow -Wuninitialized -Wno-comment -Wimplicit-fallthrough=3 -Wno-strict-overflow -fdiagnostics-show-option -pthread -fomit-frame-pointer -ffunction-sections -fdata-sections  -msse3 -fvisibility=hidden  -O3 -DNDEBUG  -DNDEBUG -fPIE   -o CMakeFiles/cmTC_c48c5.dir/CheckIncludeFile.c.o   -c /home/ash/ca-territorial/build/CMakeFiles/CMakeTmp/CheckIncludeFile.c
Linking C executable cmTC_c48c5
/usr/bin/cmake -E cmake_link_script CMakeFiles/cmTC_c48c5.dir/link.txt --verbose=1
/usr/bin/cc    -fsigned-char -W -Wall -Wreturn-type -Waddress -Wsequence-point -Wformat -Wformat-security -Wmissing-declarations -Wmissing-prototypes -Wstrict-prototypes -Wundef -Winit-self -Wpointer-arith -Wshadow -Wuninitialized -Wno-comment -Wimplicit-fallthrough=3 -Wno-strict-overflow -fdiagnostics-show-option -pthread -fomit-frame-pointer -ffunction-sections -fdata-sections  -msse3 -fvisibility=hidden  -O3 -DNDEBUG  -DNDEBUG    -Wl,--gc-sections -Wl,--as-needed -Wl,--no-undefined  CMakeFiles/cmTC_c48c5.dir/CheckIncludeFile.c.o  -o cmTC_c48c5 
make[1]: Leaving directory '/home/ash/ca-territorial/build/CMakeFiles/CMakeTmp'



Determining if the include file dlfcn.h exists passed with the following output:
Change Dir: /home/ash/ca-territorial/build/CMakeFiles/CMakeTmp

Run Build Command(s):/usr/bin/make cmTC_bb542/fast && /usr/bin/make -f CMakeFiles/cmTC_bb542.dir/build.make CMakeFiles/cmTC_bb542.dir/build
make[1]: Entering directory '/home/ash/ca-territorial/build/CMakeFiles/CMakeTmp'
Building C object CMakeFiles/cmTC_bb542.dir/CheckIncludeFile.c.o
/usr/bin/cc   -fsigned-char -W -Wall -Wreturn-type -Waddress -Wsequence-point -Wformat -Wformat-security -Wmissing-declarations -Wmissing-prototypes -Wstrict-prototypes -Wundef -Winit-self -Wpointer-arith -Wshadow -Wuninitialized -Wno-comment -Wimplicit-fallthrough=3 -Wno-strict-overflow -fdiagnostics-show-option -pthread -fomit-frame-pointer -ffunction-sections -fdata-sections  -msse3 -fvisibility=hidden  -O3 -DNDEBUG  -DNDEBUG -fPIE   -o CMakeFiles/cmTC_bb542.dir/CheckIncludeFile.c.o   -c /home/ash/ca-territorial/build/CMakeFiles/CMakeTmp/CheckIncludeFile.c
Linking C executable cmTC_bb542
/usr/bin/cmake -E cmake_link_script CMakeFiles/cmTC_bb542.dir/link.txt --verbose=1
/usr/bin/cc    -fsigned-char -W -Wall -Wreturn-type -Waddress -Wsequence-point -Wformat -Wformat-security -Wmissing-declarations -Wmissing-prototypes -Wstrict-prototypes -Wundef -Winit-self -Wpointer-arith -Wshadow -Wuninitialized -Wno-comment -Wimplicit-fallthrough=3 -Wno-strict-overflow -fdiagnostics-show-option -pthread -fomit-frame-pointer -ffunction-sections -fdata-sections  -msse3 -fvisibility=hidden  -O3 -DNDEBUG  -DNDEBUG    -Wl,--gc-sections -Wl,--as-needed -Wl,--no-undefined  CMakeFiles/cmTC_bb542.dir/CheckIncludeFile.c.o  -o cmTC_bb542 
make[1]: Leaving directory '/home/ash/ca-territorial/build/CMakeFiles/CMakeTmp'



Determining if the include file fcntl.h exists passed with the following output:
Change Dir: /home/ash/ca-territorial/build/CMakeFiles/CMakeTmp

Run Build Command(s):/usr/bin/make cmTC_29986/fast && /usr/bin/make -f CMakeFiles/cmTC_29986.dir/build.make CMakeFiles/cmTC_29986.dir/build
make[1]: Entering directory '/home/ash/ca-territorial/build/CMakeFiles/CMakeTmp'
Building C object CMakeFiles/cmTC_29986.dir/CheckIncludeFile.c.o
/usr/bin/cc   -fsigned-char -W -Wall -Wreturn-type -Waddress -Wsequence-point -Wformat -Wformat-security -Wmissing-declarations -Wmissing-prototypes -Wstrict-prototypes -Wundef -Winit-self -Wpointer-arith -Wshadow -Wuninitialized -Wno-comment -Wimplicit-fallthrough=3 -Wno-strict-overflow -fdiagnostics-show-option -pthread -fomit-frame-pointer -ffunction-sections -fdata-sections  -msse3 -fvisibility=hidden  -O3 -DNDEBUG  -DNDEBUG -fPIE   -o CMakeFiles/cmTC_29986.dir/CheckIncludeFile.c.o   -c /home/ash/ca-territorial/build/CMakeFiles/CMakeTmp/CheckIncludeFile.c
Linking C executable cmTC_29986
/usr/bin/cmake -E cmake_link_script CMakeFiles/cmTC_29986.dir/link.txt --verbose=1
/usr/bin/cc    -fsigned-char -W -Wall -Wreturn-type -Waddress -Wsequence-point -Wformat -Wformat-security -Wmissing-declarations -Wmissing-prototypes -Wstrict-prototypes -Wundef -Winit-self -Wpointer-arith -Wshadow -Wuninitialized -Wno-comment -Wimplicit-fallthrough=3 -Wno-strict-overflow -fdiagnostics-show-option -pthread -fomit-frame-pointer -ffunction-sections -fdata-sections  -msse3 -fvisibility=hidden  -O3 -DNDEBUG  -DNDEBUG    -Wl,--gc-sections -Wl,--as-needed -Wl,--no-undefined  CMakeFiles/cmTC_29986.dir/CheckIncludeFile.c.o  -o cmTC_29986 
make[1]: Leaving directory '/home/ash/ca-territorial/build/CMakeFiles/CMakeTmp'



Determining if the include file inttypes.h exists passed with the following output:
Change Dir: /home/ash/ca-territorial/build/CMakeFiles/CMakeTmp

Run Build Command(s):/usr/bin/make cmTC_b9f3b/fast && /usr/bin/make -f CMakeFiles/cmTC_b9f3b.dir/build.make CMakeFiles/cmTC_b9f3b.dir/build
make[1]: Entering directory '/home/ash/ca-territorial/build/CMakeFiles/CMakeTmp'
Building C object CMakeFiles/cmTC_b9f3b.dir/CheckIncludeFile.c.o
/usr/bin/cc   -fsigned-char -W -Wall -Wreturn-type -Waddress -Wsequence-point -Wformat -Wformat-security -Wmissing-declarations -Wmissing-prototypes -Wstrict-prototypes -Wundef -Winit-self -Wpointer-arith -Wshadow -Wuninitialized -Wno-comment -Wimplicit-fallthrough=3 -Wno-strict-overflow -fdiagnostics-show-option -pthread -fomit-frame-pointer -ffunction-sections -fdata-sections  -msse3 -fvisibility=hidden  -O3 -DNDEBUG  -DNDEBUG -fPIE   -o CMakeFiles/cmTC_b9f3b.dir/CheckIncludeFile.c.o   -c /home/ash/ca-territorial/build/CMakeFiles/CMakeTmp/CheckIncludeFile.c
Linking C executable cmTC_b9f3b
/usr/bin/cmake -E cmake_link_script CMakeFiles/cmTC_b9f3b.dir/link.txt --verbose=1
/usr/bin/cc    -fsigned-char -W -Wall -Wreturn-type -Waddress -Wsequence-point -Wformat -Wformat-security -Wmissing-declarations -Wmissing-prototypes -Wstrict-prototypes -Wundef -Winit-self -Wpointer-arith -Wshadow -Wuninitialized -Wno-comment -Wimplicit-fallthrough=3 -Wno-strict-overflow -fdiagnostics-show-option -pthread -fomit-frame-pointer -ffunction-sections -fdata-sections  -msse3 -fvisibility=hidden  -O3 -DNDEBUG  -DNDEBUG    -Wl,--gc-sections -Wl,--as-needed -Wl,--no-undefined  CMakeFiles/cmTC_b9f3b.dir/CheckIncludeFile.c.o  -o cmTC_b9f3b 
make[1]: Leaving directory '/home/ash/ca-territorial/build/CMakeFiles/CMakeTmp'



Determining if the include file limits.h exists passed with the following output:
Change Dir: /home/ash/ca-territorial/build/CMakeFiles/CMakeTmp

Run Build Command(s):/usr/bin/make cmTC_105fe/fast && /usr/bin/make -f CMakeFiles/cmTC_105fe.dir/build.make CMakeFiles/cmTC_105fe.dir/build
make[1]: Entering directory '/home/ash/ca-territorial/build/CMakeFiles/CMakeTmp'
Building C object CMakeFiles/cmTC_105fe.dir/CheckIncludeFile.c.o
/usr/bin/cc   -fsigned-char -W -Wall -Wreturn-type -Waddress -Wsequence-point -Wformat -Wformat-security -Wmissing-declarations -Wmissing-prototypes -Wstrict-prototypes -Wundef -Winit-self -Wpointer-arith -Wshadow -Wuninitialized -Wno-comment -Wimplicit-fallthrough=3 -Wno-strict-overflow -fdiagnostics-show-option -pthread -fomit-frame-pointer -ffunction-sections -fdata-sections  -msse3 -fvisibility=hidden  -O3 -DNDEBUG  -DNDEBUG -fPIE   -o CMakeFiles/cmTC_105fe.dir/CheckIncludeFile.c.o   -c /home/ash/ca-territorial/build/CMakeFiles/CMakeTmp/CheckIncludeFile.c
Linking C executable cmTC_105fe
/usr/bin/cmake -E cmake_link_script CMakeFiles/cmTC_105fe.dir/link.txt --verbose=1
/usr/bin/cc    -fsigned-char -W -Wall -Wreturn-type -Waddress -Wsequence-point -Wformat -Wformat-security -Wmissing-declarations -Wmissing-prototypes -Wstrict-prototypes -Wundef -Winit-self -Wpointer-arith -Wshadow -Wuninitialized -Wno-comment -Wimplicit-fallthrough=3 -Wno-strict-overflow -fdiagnostics-show-option -pthread -fomit-frame-pointer -ffunction-sections -fdata-sections  -msse3 -fvisibility=hidden  -O3 -DNDEBUG  -DNDEBUG    -Wl,--gc-sections -Wl,--as-needed -Wl,--no-undefined  CMakeFiles/cmTC_105fe.dir/CheckIncludeFile.c.o  -o cmTC_105fe 
make[1]: Leaving directory '/home/ash/ca-territorial/build/CMakeFiles/CMakeTmp'



Determining if the include file memory.h exists passed with the following output:
Change Dir: /home/ash/ca-territorial/build/CMakeFiles/CMakeTmp

Run Build Command(s):/usr/bin/make cmTC_a2b67/fast && /usr/bin/make -f CMakeFiles/cmTC_a2b67.dir/build.make CMakeFiles/cmTC_a2b67.dir/build
make[1]: Entering directory '/home/ash/ca-territorial/build/CMakeFiles/CMakeTmp'
Building C object CMakeFiles/cmTC_a2b67.dir/CheckIncludeFile.c.o
/usr/bin/cc   -fsigned-char -W -Wall -Wreturn-type -Waddress -Wsequence-point -Wformat -Wformat-security -Wmissing-declarations -Wmissing-prototypes -Wstrict-prototypes -Wundef -Winit-self -Wpointer-arith -Wshadow -Wuninitialized -Wno-comment -Wimplicit-fallthrough=3 -Wno-strict-overflow -fdiagnostics-show-option -pthread -fomit-frame-pointer -ffunction-sections -fdata-sections  -msse3 -fvisibility=hidden  -O3 -DNDEBUG  -DNDEBUG -fPIE   -o CMakeFiles/cmTC_a2b67.dir/CheckIncludeFile.c.o   -c /home/ash/ca-territorial/build/CMakeFiles/CMakeTmp/CheckIncludeFile.c
Linking C executable cmTC_a2b67
/usr/bin/cmake -E cmake_link_script CMakeFiles/cmTC_a2b67.dir/link.txt --verbose=1
/usr/bin/cc    -fsigned-char -W -Wall -Wreturn-type -Waddress -Wsequence-point -Wformat -Wformat-security -Wmissing-declarations -Wmissing-prototypes -Wstrict-prototypes -Wundef -Winit-self -Wpointer-arith -Wshadow -Wuninitialized -Wno-comment -Wimplicit-fallthrough=3 -Wno-strict-overflow -fdiagnostics-show-option -pthread -fomit-frame-pointer -ffunction-sections -fdata-sections  -msse3 -fvisibility=hidden  -O3 -DNDEBUG  -DNDEBUG    -Wl,--gc-sections -Wl,--as-needed -Wl,--no-undefined  CMakeFiles/cmTC_a2b67.dir/CheckIncludeFile.c.o  -o cmTC_a2b67 
make[1]: Leaving directory '/home/ash/ca-territorial/build/CMakeFiles/CMakeTmp'



Determining if the include file search.h exists passed with the following output:
Change Dir: /home/ash/ca-territorial/build/CMakeFiles/CMakeTmp

Run Build Command(s):/usr/bin/make cmTC_888f9/fast && /usr/bin/make -f CMakeFiles/cmTC_888f9.dir/build.make CMakeFiles/cmTC_888f9.dir/build
make[1]: Entering directory '/home/ash/ca-territorial/build/CMakeFiles/CMakeTmp'
Building C object CMakeFiles/cmTC_888f9.dir/CheckIncludeFile.c.o
/usr/bin/cc   -fsigned-char -W -Wall -Wreturn-type -Waddress -Wsequence-point -Wformat -Wformat-security -Wmissing-declarations -Wmissing-prototypes -Wstrict-prototypes -Wundef -Winit-self -Wpointer-arith -Wshadow -Wuninitialized -Wno-comment -Wimplicit-fallthrough=3 -Wno-strict-overflow -fdiagnostics-show-option -pthread -fomit-frame-pointer -ffunction-sections -fdata-sections  -msse3 -fvisibility=hidden  -O3 -DNDEBUG  -DNDEBUG -fPIE   -o CMakeFiles/cmTC_888f9.dir/CheckIncludeFile.c.o   -c /home/ash/ca-territorial/build/CMakeFiles/CMakeTmp/CheckIncludeFile.c
Linking C executable cmTC_888f9
/usr/bin/cmake -E cmake_link_script CMakeFiles/cmTC_888f9.dir/link.txt --verbose=1
/usr/bin/cc    -fsigned-char -W -Wall -Wreturn-type -Waddress -Wsequence-point -Wformat -Wformat-security -Wmissing-declarations -Wmissing-prototypes -Wstrict-prototypes -Wundef -Winit-self -Wpointer-arith -Wshadow -Wuninitialized -Wno-comment -Wimplicit-fallthrough=3 -Wno-strict-overflow -fdiagnostics-show-option -pthread -fomit-frame-pointer -ffunction-sections -fdata-sections  -msse3 -fvisibility=hidden  -O3 -DNDEBUG  -DNDEBUG    -Wl,--gc-sections -Wl,--as-needed -Wl,--no-undefined  CMakeFiles/cmTC_888f9.dir/CheckIncludeFile.c.o  -o cmTC_888f9 
make[1]: Leaving directory '/home/ash/ca-territorial/build/CMakeFiles/CMakeTmp'



Determining if the include file string.h exists passed with the following output:
Change Dir: /home/ash/ca-territorial/build/CMakeFiles/CMakeTmp

Run Build Command(s):/usr/bin/make cmTC_b60cd/fast && /usr/bin/make -f CMakeFiles/cmTC_b60cd.dir/build.make CMakeFiles/cmTC_b60cd.dir/build
make[1]: Entering directory '/home/ash/ca-territorial/build/CMakeFiles/CMakeTmp'
Building C object CMakeFiles/cmTC_b60cd.dir/CheckIncludeFile.c.o
/usr/bin/cc   -fsigned-char -W -Wall -Wreturn-type -Waddress -Wsequence-point -Wformat -Wformat-security -Wmissing-declarations -Wmissing-prototypes -Wstrict-prototypes -Wundef -Winit-self -Wpointer-arith -Wshadow -Wuninitialized -Wno-comment -Wimplicit-fallthrough=3 -Wno-strict-overflow -fdiagnostics-show-option -pthread -fomit-frame-pointer -ffunction-sections -fdata-sections  -msse3 -fvisibility=hidden  -O3 -DNDEBUG  -DNDEBUG -fPIE   -o CMakeFiles/cmTC_b60cd.dir/CheckIncludeFile.c.o   -c /home/ash/ca-territorial/build/CMakeFiles/CMakeTmp/CheckIncludeFile.c
Linking C executable cmTC_b60cd
/usr/bin/cmake -E cmake_link_script CMakeFiles/cmTC_b60cd.dir/link.txt --verbose=1
/usr/bin/cc    -fsigned-char -W -Wall -Wreturn-type -Waddress -Wsequence-point -Wformat -Wformat-security -Wmissing-declarations -Wmissing-prototypes -Wstrict-prototypes -Wundef -Winit-self -Wpointer-arith -Wshadow -Wuninitialized -Wno-comment -Wimplicit-fallthrough=3 -Wno-strict-overflow -fdiagnostics-show-option -pthread -fomit-frame-pointer -ffunction-sections -fdata-sections  -msse3 -fvisibility=hidden  -O3 -DNDEBUG  -DNDEBUG    -Wl,--gc-sections -Wl,--as-needed -Wl,--no-undefined  CMakeFiles/cmTC_b60cd.dir/CheckIncludeFile.c.o  -o cmTC_b60cd 
make[1]: Leaving directory '/home/ash/ca-territorial/build/CMakeFiles/CMakeTmp'



Determining if the include file strings.h exists passed with the following output:
Change Dir: /home/ash/ca-territorial/build/CMakeFiles/CMakeTmp

Run Build Command(s):/usr/bin/make cmTC_3c092/fast && /usr/bin/make -f CMakeFiles/cmTC_3c092.dir/build.make CMakeFiles/cmTC_3c092.dir/build
make[1]: Entering directory '/home/ash/ca-territorial/build/CMakeFiles/CMakeTmp'
Building C object CMakeFiles/cmTC_3c092.dir/CheckIncludeFile.c.o
/usr/bin/cc   -fsigned-char -W -Wall -Wreturn-type -Waddress -Wsequence-point -Wformat -Wformat-security -Wmissing-declarations -Wmissing-prototypes -Wstrict-prototypes -Wundef -Winit-self -Wpointer-arith -Wshadow -Wuninitialized -Wno-comment -Wimplicit-fallthrough=3 -Wno-strict-overflow -fdiagnostics-show-option -pthread -fomit-frame-pointer -ffunction-sections -fdata-sections  -msse3 -fvisibility=hidden  -O3 -DNDEBUG  -DNDEBUG -fPIE   -o CMakeFiles/cmTC_3c092.dir/CheckIncludeFile.c.o   -c /home/ash/ca-territorial/build/CMakeFiles/CMakeTmp/CheckIncludeFile.c
Linking C executable cmTC_3c092
/usr/bin/cmake -E cmake_link_script CMakeFiles/cmTC_3c092.dir/link.txt --verbose=1
/usr/bin/cc    -fsigned-char -W -Wall -Wreturn-type -Waddress -Wsequence-point -Wformat -Wformat-security -Wmissing-declarations -Wmissing-prototypes -Wstrict-prototypes -Wundef -Winit-self -Wpointer-arith -Wshadow -Wuninitialized -Wno-comment -Wimplicit-fallthrough=3 -Wno-strict-overflow -fdiagnostics-show-option -pthread -fomit-frame-pointer -ffunction-sections -fdata-sections  -msse3 -fvisibility=hidden  -O3 -DNDEBUG  -DNDEBUG    -Wl,--gc-sections -Wl,--as-needed -Wl,--no-undefined  CMakeFiles/cmTC_3c092.dir/CheckIncludeFile.c.o  -o cmTC_3c092 
make[1]: Leaving directory '/home/ash/ca-territorial/build/CMakeFiles/CMakeTmp'



Determining if the include file sys/time.h exists passed with the following output:
Change Dir: /home/ash/ca-territorial/build/CMakeFiles/CMakeTmp

Run Build Command(s):/usr/bin/make cmTC_ff975/fast && /usr/bin/make -f CMakeFiles/cmTC_ff975.dir/build.make CMakeFiles/cmTC_ff975.dir/build
make[1]: Entering directory '/home/ash/ca-territorial/build/CMakeFiles/CMakeTmp'
Building C object CMakeFiles/cmTC_ff975.dir/CheckIncludeFile.c.o
/usr/bin/cc   -fsigned-char -W -Wall -Wreturn-type -Waddress -Wsequence-point -Wformat -Wformat-security -Wmissing-declarations -Wmissing-prototypes -Wstrict-prototypes -Wundef -Winit-self -Wpointer-arith -Wshadow -Wuninitialized -Wno-comment -Wimplicit-fallthrough=3 -Wno-strict-overflow -fdiagnostics-show-option -pthread -fomit-frame-pointer -ffunction-sections -fdata-sections  -msse3 -fvisibility=hidden  -O3 -DNDEBUG  -DNDEBUG -fPIE   -o CMakeFiles/cmTC_ff975.dir/CheckIncludeFile.c.o   -c /home/ash/ca-territorial/build/CMakeFiles/CMakeTmp/CheckIncludeFile.c
Linking C executable cmTC_ff975
/usr/bin/cmake -E cmake_link_script CMakeFiles/cmTC_ff975.dir/link.txt --verbose=1
/usr/bin/cc    -fsigned-char -W -Wall -Wreturn-type -Waddress -Wsequence-point -Wformat -Wformat-security -Wmissing-declarations -Wmissing-prototypes -Wstrict-prototypes -Wundef -Winit-self -Wpointer-arith -Wshadow -Wuninitialized -Wno-comment -Wimplicit-fallthrough=3 -Wno-strict-overflow -fdiagnostics-show-option -pthread -fomit-frame-pointer -ffunction-sections -fdata-sections  -msse3 -fvisibility=hidden  -O3 -DNDEBUG  -DNDEBUG    -Wl,--gc-sections -Wl,--as-needed -Wl,--no-undefined  CMakeFiles/cmTC_ff975.dir/CheckIncludeFile.c.o  -o cmTC_ff975 
make[1]: Leaving directory '/home/ash/ca-territorial/build/CMakeFiles/CMakeTmp'



Determining if the include file unistd.h exists passed with the following output:
Change Dir: /home/ash/ca-territorial/build/CMakeFiles/CMakeTmp

Run Build Command(s):/usr/bin/make cmTC_50cab/fast && /usr/bin/make -f CMakeFiles/cmTC_50cab.dir/build.make CMakeFiles/cmTC_50cab.dir/build
make[1]: Entering directory '/home/ash/ca-territorial/build/CMakeFiles/CMakeTmp'
Building C object CMakeFiles/cmTC_50cab.dir/CheckIncludeFile.c.o
/usr/bin/cc   -fsigned-char -W -Wall -Wreturn-type -Waddress -Wsequence-point -Wformat -Wformat-security -Wmissing-declarations -Wmissing-prototypes -Wstrict-prototypes -Wundef -Winit-self -Wpointer-arith -Wshadow -Wuninitialized -Wno-comment -Wimplicit-fallthrough=3 -Wno-strict-overflow -fdiagnostics-show-option -pthread -fomit-frame-pointer -ffunction-sections -fdata-sections  -msse3 -fvisibility=hidden  -O3 -DNDEBUG  -DNDEBUG -fPIE   -o CMakeFiles/cmTC_50cab.dir/CheckIncludeFile.c.o   -c /home/ash/ca-territorial/build/CMakeFiles/CMakeTmp/CheckIncludeFile.c
Linking C executable cmTC_50cab
/usr/bin/cmake -E cmake_link_script CMakeFiles/cmTC_50cab.dir/link.txt --verbose=1
/usr/bin/cc    -fsigned-char -W -Wall -Wreturn-type -Waddress -Wsequence-point -Wformat -Wformat-security -Wmissing-declarations -Wmissing-prototypes -Wstrict-prototypes -Wundef -Winit-self -Wpointer-arith -Wshadow -Wuninitialized -Wno-comment -Wimplicit-fallthrough=3 -Wno-strict-overflow -fdiagnostics-show-option -pthread -fomit-frame-pointer -ffunction-sections -fdata-sections  -msse3 -fvisibility=hidden  -O3 -DNDEBUG  -DNDEBUG    -Wl,--gc-sections -Wl,--as-needed -Wl,--no-undefined  CMakeFiles/cmTC_50cab.dir/CheckIncludeFile.c.o  -o cmTC_50cab 
make[1]: Leaving directory '/home/ash/ca-territorial/build/CMakeFiles/CMakeTmp'



Performing C SOURCE FILE Test C_HAS_inline succeeded with the following output:
Change Dir: /home/ash/ca-territorial/build/CMakeFiles/CMakeTmp

Run Build Command(s):/usr/bin/make cmTC_5b45f/fast && /usr/bin/make -f CMakeFiles/cmTC_5b45f.dir/build.make CMakeFiles/cmTC_5b45f.dir/build
make[1]: Entering directory '/home/ash/ca-territorial/build/CMakeFiles/CMakeTmp'
Building C object CMakeFiles/cmTC_5b45f.dir/src.c.o
/usr/bin/cc -Dinline=inline  -fsigned-char -W -Wall -Wreturn-type -Waddress -Wsequence-point -Wformat -Wformat-security -Wmissing-declarations -Wmissing-prototypes -Wstrict-prototypes -Wundef -Winit-self -Wpointer-arith -Wshadow -Wuninitialized -Wno-comment -Wimplicit-fallthrough=3 -Wno-strict-overflow -fdiagnostics-show-option -pthread -fomit-frame-pointer -ffunction-sections -fdata-sections  -msse3 -fvisibility=hidden -DC_HAS_inline -O3 -DNDEBUG  -DNDEBUG -fPIE   -o CMakeFiles/cmTC_5b45f.dir/src.c.o   -c /home/ash/ca-territorial/build/CMakeFiles/CMakeTmp/src.c
/home/ash/ca-territorial/build/CMakeFiles/CMakeTmp/src.c:3:29: warning: function declaration isn’t a prototype [-Wstrict-prototypes]
    3 |         static inline foo_t static_foo() {return 0;}
      |                             ^~~~~~~~~~
/home/ash/ca-territorial/build/CMakeFiles/CMakeTmp/src.c:4:15: warning: function declaration isn’t a prototype [-Wstrict-prototypes]
    4 |         foo_t foo(){return 0;}
      |               ^~~
/home/ash/ca-territorial/build/CMakeFiles/CMakeTmp/src.c: In function ‘main’:
/home/ash/ca-territorial/build/CMakeFiles/CMakeTmp/src.c:5:22: warning: unused parameter ‘argc’ [-Wunused-parameter]
    5 |         int main(int argc, char *argv[]) {return 0;}
      |                  ~~~~^~~~
/home/ash/ca-territorial/build/CMakeFiles/CMakeTmp/src.c:5:34: warning: unused parameter ‘argv’ [-Wunused-parameter]
    5 |         int main(int argc, char *argv[]) {return 0;}
      |                            ~~~~~~^~~~~~
Linking C executable cmTC_5b45f
/usr/bin/cmake -E cmake_link_script CMakeFiles/cmTC_5b45f.dir/link.txt --verbose=1
/usr/bin/cc    -fsigned-char -W -Wall -Wreturn-type -Waddress -Wsequence-point -Wformat -Wformat-security -Wmissing-declarations -Wmissing-prototypes -Wstrict-prototypes -Wundef -Winit-self -Wpointer-arith -Wshadow -Wuninitialized -Wno-comment -Wimplicit-fallthrough=3 -Wno-strict-overflow -fdiagnostics-show-option -pthread -fomit-frame-pointer -ffunction-sections -fdata-sections  -msse3 -fvisibility=hidden -DC_HAS_inline -O3 -DNDEBUG  -DNDEBUG    -Wl,--gc-sections -Wl,--as-needed -Wl,--no-undefined  CMakeFiles/cmTC_5b45f.dir/src.c.o  -o cmTC_5b45f 
make[1]: Leaving directory '/home/ash/ca-territorial/build/CMakeFiles/CMakeTmp'


Source file was:

        typedef int foo_t;
        static inline foo_t static_foo() {return 0;}
        foo_t foo(){return 0;}
        int main(int argc, char *argv[]) {return 0;}
Determining size of signed short passed with the following output:
Change Dir: /home/ash/ca-territorial/build/CMakeFiles/CMakeTmp

Run Build Command(s):/usr/bin/make cmTC_abd0b/fast && /usr/bin/make -f CMakeFiles/cmTC_abd0b.dir/build.make CMakeFiles/cmTC_abd0b.dir/build
make[1]: Entering directory '/home/ash/ca-territorial/build/CMakeFiles/CMakeTmp'
Building C object CMakeFiles/cmTC_abd0b.dir/SIZEOF_SIGNED_SHORT.c.o
/usr/bin/cc   -fsigned-char -W -Wall -Wreturn-type -Waddress -Wsequence-point -Wformat -Wformat-security -Wmissing-declarations -Wmissing-prototypes -Wstrict-prototypes -Wundef -Winit-self -Wpointer-arith -Wshadow -Wuninitialized -Wno-comment -Wimplicit-fallthrough=3 -Wno-strict-overflow -fdiagnostics-show-option -pthread -fomit-frame-pointer -ffunction-sections -fdata-sections  -msse3 -fvisibility=hidden  -O3 -DNDEBUG  -DNDEBUG -fPIE   -o CMakeFiles/cmTC_abd0b.dir/SIZEOF_SIGNED_SHORT.c.o   -c /home/ash/ca-territorial/build/CMakeFiles/CheckTypeSize/SIZEOF_SIGNED_SHORT.c
Linking C executable cmTC_abd0b
/usr/bin/cmake -E cmake_link_script CMakeFiles/cmTC_abd0b.dir/link.txt --verbose=1
/usr/bin/cc    -fsigned-char -W -Wall -Wreturn-type -Waddress -Wsequence-point -Wformat -Wformat-security -Wmissing-declarations -Wmissing-prototypes -Wstrict-prototypes -Wundef -Winit-self -Wpointer-arith -Wshadow -Wuninitialized -Wno-comment -Wimplicit-fallthrough=3 -Wno-strict-overflow -fdiagnostics-show-option -pthread -fomit-frame-pointer -ffunction-sections -fdata-sections  -msse3 -fvisibility=hidden  -O3 -DNDEBUG  -DNDEBUG    -Wl,--gc-sections -Wl,--as-needed -Wl,--no-undefined  CMakeFiles/cmTC_abd0b.dir/SIZEOF_SIGNED_SHORT.c.o  -o cmTC_abd0b 
make[1]: Leaving directory '/home/ash/ca-territorial/build/CMakeFiles/CMakeTmp'



Determining size of unsigned short passed with the following output:
Change Dir: /home/ash/ca-territorial/build/CMakeFiles/CMakeTmp

Run Build Command(s):/usr/bin/make cmTC_60add/fast && /usr/bin/make -f CMakeFiles/cmTC_60add.dir/build.make CMakeFiles/cmTC_60add.dir/build
make[1]: Entering directory '/home/ash/ca-territorial/build/CMakeFiles/CMakeTmp'
Building C object CMakeFiles/cmTC_60add.dir/SIZEOF_UNSIGNED_SHORT.c.o
/usr/bin/cc   -fsigned-char -W -Wall -Wreturn-type -Waddress -Wsequence-point -Wformat -Wformat-security -Wmissing-declarations -Wmissing-prototypes -Wstrict-prototypes -Wundef -Winit-self -Wpointer-arith -Wshadow -Wuninitialized -Wno-comment -Wimplicit-fallthrough=3 -Wno-strict-overflow -fdiagnostics-show-option -pthread -fomit-frame-pointer -ffunction-sections -fdata-sections  -msse3 -fvisibility=hidden  -O3 -DNDEBUG  -DNDEBUG -fPIE   -o CMakeFiles/cmTC_60add.dir/SIZEOF_UNSIGNED_SHORT.c.o   -c /home/ash/ca-territorial/build/CMakeFiles/CheckTypeSize/SIZEOF_UNSIGNED_SHORT.c
Linking C executable cmTC_60add
/usr/bin/cmake -E cmake_link_script CMakeFiles/cmTC_60add.dir/link.txt --verbose=1
/usr/bin/cc    -fsigned-char -W -Wall -Wreturn-type -Waddress -Wsequence-point -Wformat -Wformat-security -Wmissing-declarations -Wmissing-prototypes -Wstrict-prototypes -Wundef -Winit-self -Wpointer-arith -Wshadow -Wuninitialized -Wno-comment -Wimplicit-fallthrough=3 -Wno-strict-overflow -fdiagnostics-show-option -pthread -fomit-frame-pointer -ffunction-sections -fdata-sections  -msse3 -fvisibility=hidden  -O3 -DNDEBUG  -DNDEBUG    -Wl,--gc-sections -Wl,--as-needed -Wl,--no-undefined  CMakeFiles/cmTC_60add.dir/SIZEOF_UNSIGNED_SHORT.c.o  -o cmTC_60add 
make[1]: Leaving directory '/home/ash/ca-territorial/build/CMakeFiles/CMakeTmp'



Determining size of signed int passed with the following output:
Change Dir: /home/ash/ca-territorial/build/CMakeFiles/CMakeTmp

Run Build Command(s):/usr/bin/make cmTC_4f01a/fast && /usr/bin/make -f CMakeFiles/cmTC_4f01a.dir/build.make CMakeFiles/cmTC_4f01a.dir/build
make[1]: Entering directory '/home/ash/ca-territorial/build/CMakeFiles/CMakeTmp'
Building C object CMakeFiles/cmTC_4f01a.dir/SIZEOF_SIGNED_INT.c.o
/usr/bin/cc   -fsigned-char -W -Wall -Wreturn-type -Waddress -Wsequence-point -Wformat -Wformat-security -Wmissing-declarations -Wmissing-prototypes -Wstrict-prototypes -Wundef -Winit-self -Wpointer-arith -Wshadow -Wuninitialized -Wno-comment -Wimplicit-fallthrough=3 -Wno-strict-overflow -fdiagnostics-show-option -pthread -fomit-frame-pointer -ffunction-sections -fdata-sections  -msse3 -fvisibility=hidden  -O3 -DNDEBUG  -DNDEBUG -fPIE   -o CMakeFiles/cmTC_4f01a.dir/SIZEOF_SIGNED_INT.c.o   -c /home/ash/ca-territorial/build/CMakeFiles/CheckTypeSize/SIZEOF_SIGNED_INT.c
Linking C executable cmTC_4f01a
/usr/bin/cmake -E cmake_link_script CMakeFiles/cmTC_4f01a.dir/link.txt --verbose=1
/usr/bin/cc    -fsigned-char -W -Wall -Wreturn-type -Waddress -Wsequence-point -Wformat -Wformat-security -Wmissing-declarations -Wmissing-prototypes -Wstrict-prototypes -Wundef -Winit-self -Wpointer-arith -Wshadow -Wuninitialized -Wno-comment -Wimplicit-fallthrough=3 -Wno-strict-overflow -fdiagnostics-show-option -pthread -fomit-frame-pointer -ffunction-sections -fdata-sections  -msse3 -fvisibility=hidden  -O3 -DNDEBUG  -DNDEBUG    -Wl,--gc-sections -Wl,--as-needed -Wl,--no-undefined  CMakeFiles/cmTC_4f01a.dir/SIZEOF_SIGNED_INT.c.o  -o cmTC_4f01a 
make[1]: Leaving directory '/home/ash/ca-territorial/build/CMakeFiles/CMakeTmp'



Determining size of unsigned int passed with the following output:
Change Dir: /home/ash/ca-territorial/build/CMakeFiles/CMakeTmp

Run Build Command(s):/usr/bin/make cmTC_95377/fast && /usr/bin/make -f CMakeFiles/cmTC_95377.dir/build.make CMakeFiles/cmTC_95377.dir/build
make[1]: Entering directory '/home/ash/ca-territorial/build/CMakeFiles/CMakeTmp'
Building C object CMakeFiles/cmTC_95377.dir/SIZEOF_UNSIGNED_INT.c.o
/usr/bin/cc   -fsigned-char -W -Wall -Wreturn-type -Waddress -Wsequence-point -Wformat -Wformat-security -Wmissing-declarations -Wmissing-prototypes -Wstrict-prototypes -Wundef -Winit-self -Wpointer-arith -Wshadow -Wuninitialized -Wno-comment -Wimplicit-fallthrough=3 -Wno-strict-overflow -fdiagnostics-show-option -pthread -fomit-frame-pointer -ffunction-sections -fdata-sections  -msse3 -fvisibility=hidden  -O3 -DNDEBUG  -DNDEBUG -fPIE   -o CMakeFiles/cmTC_95377.dir/SIZEOF_UNSIGNED_INT.c.o   -c /home/ash/ca-territorial/build/CMakeFiles/CheckTypeSize/SIZEOF_UNSIGNED_INT.c
Linking C executable cmTC_95377
/usr/bin/cmake -E cmake_link_script CMakeFiles/cmTC_95377.dir/link.txt --verbose=1
/usr/bin/cc    -fsigned-char -W -Wall -Wreturn-type -Waddress -Wsequence-point -Wformat -Wformat-security -Wmissing-declarations -Wmissing-prototypes -Wstrict-prototypes -Wundef -Winit-self -Wpointer-arith -Wshadow -Wuninitialized -Wno-comment -Wimplicit-fallthrough=3 -Wno-strict-overflow -fdiagnostics-show-option -pthread -fomit-frame-pointer -ffunction-sections -fdata-sections  -msse3 -fvisibility=hidden  -O3 -DNDEBUG  -DNDEBUG    -Wl,--gc-sections -Wl,--as-needed -Wl,--no-undefined  CMakeFiles/cmTC_95377.dir/SIZEOF_UNSIGNED_INT.c.o  -o cmTC_95377 
make[1]: Leaving directory '/home/ash/ca-territorial/build/CMakeFiles/CMakeTmp'



Determining size of signed long passed with the following output:
Change Dir: /home/ash/ca-territorial/build/CMakeFiles/CMakeTmp

Run Build Command(s):/usr/bin/make cmTC_20cb7/fast && /usr/bin/make -f CMakeFiles/cmTC_20cb7.dir/build.make CMakeFiles/cmTC_20cb7.dir/build
make[1]: Entering directory '/home/ash/ca-territorial/build/CMakeFiles/CMakeTmp'
Building C object CMakeFiles/cmTC_20cb7.dir/SIZEOF_SIGNED_LONG.c.o
/usr/bin/cc   -fsigned-char -W -Wall -Wreturn-type -Waddress -Wsequence-point -Wformat -Wformat-security -Wmissing-declarations -Wmissing-prototypes -Wstrict-prototypes -Wundef -Winit-self -Wpointer-arith -Wshadow -Wuninitialized -Wno-comment -Wimplicit-fallthrough=3 -Wno-strict-overflow -fdiagnostics-show-option -pthread -fomit-frame-pointer -ffunction-sections -fdata-sections  -msse3 -fvisibility=hidden  -O3 -DNDEBUG  -DNDEBUG -fPIE   -o CMakeFiles/cmTC_20cb7.dir/SIZEOF_SIGNED_LONG.c.o   -c /home/ash/ca-territorial/build/CMakeFiles/CheckTypeSize/SIZEOF_SIGNED_LONG.c
Linking C executable cmTC_20cb7
/usr/bin/cmake -E cmake_link_script CMakeFiles/cmTC_20cb7.dir/link.txt --verbose=1
/usr/bin/cc    -fsigned-char -W -Wall -Wreturn-type -Waddress -Wsequence-point -Wformat -Wformat-security -Wmissing-declarations -Wmissing-prototypes -Wstrict-prototypes -Wundef -Winit-self -Wpointer-arith -Wshadow -Wuninitialized -Wno-comment -Wimplicit-fallthrough=3 -Wno-strict-overflow -fdiagnostics-show-option -pthread -fomit-frame-pointer -ffunction-sections -fdata-sections  -msse3 -fvisibility=hidden  -O3 -DNDEBUG  -DNDEBUG    -Wl,--gc-sections -Wl,--as-needed -Wl,--no-undefined  CMakeFiles/cmTC_20cb7.dir/SIZEOF_SIGNED_LONG.c.o  -o cmTC_20cb7 
make[1]: Leaving directory '/home/ash/ca-territorial/build/CMakeFiles/CMakeTmp'



Determining size of unsigned long passed with the following output:
Change Dir: /home/ash/ca-territorial/build/CMakeFiles/CMakeTmp

Run Build Command(s):/usr/bin/make cmTC_a85fb/fast && /usr/bin/make -f CMakeFiles/cmTC_a85fb.dir/build.make CMakeFiles/cmTC_a85fb.dir/build
make[1]: Entering directory '/home/ash/ca-territorial/build/CMakeFiles/CMakeTmp'
Building C object CMakeFiles/cmTC_a85fb.dir/SIZEOF_UNSIGNED_LONG.c.o
/usr/bin/cc   -fsigned-char -W -Wall -Wreturn-type -Waddress -Wsequence-point -Wformat -Wformat-security -Wmissing-declarations -Wmissing-prototypes -Wstrict-prototypes -Wundef -Winit-self -Wpointer-arith -Wshadow -Wuninitialized -Wno-comment -Wimplicit-fallthrough=3 -Wno-strict-overflow -fdiagnostics-show-option -pthread -fomit-frame-pointer -ffunction-sections -fdata-sections  -msse3 -fvisibility=hidden  -O3 -DNDEBUG  -DNDEBUG -fPIE   -o CMakeFiles/cmTC_a85fb.dir/SIZEOF_UNSIGNED_LONG.c.o   -c /home/ash/ca-territorial/build/CMakeFiles/CheckTypeSize/SIZEOF_UNSIGNED_LONG.c
Linking C executable cmTC_a85fb
/usr/bin/cmake -E cmake_link_script CMakeFiles/cmTC_a85fb.dir/link.txt --verbose=1
/usr/bin/cc    -fsigned-char -W -Wall -Wreturn-type -Waddress -Wsequence-point -Wformat -Wformat-security -Wmissing-declarations -Wmissing-prototypes -Wstrict-prototypes -Wundef -Winit-self -Wpointer-arith -Wshadow -Wuninitialized -Wno-comment -Wimplicit-fallthrough=3 -Wno-strict-overflow -fdiagnostics-show-option -pthread -fomit-frame-pointer -ffunction-sections -fdata-sections  -msse3 -fvisibility=hidden  -O3 -DNDEBUG  -DNDEBUG    -Wl,--gc-sections -Wl,--as-needed -Wl,--no-undefined  CMakeFiles/cmTC_a85fb.dir/SIZEOF_UNSIGNED_LONG.c.o  -o cmTC_a85fb 
make[1]: Leaving directory '/home/ash/ca-territorial/build/CMakeFiles/CMakeTmp'



Determining size of signed long long passed with the following output:
Change Dir: /home/ash/ca-territorial/build/CMakeFiles/CMakeTmp

Run Build Command(s):/usr/bin/make cmTC_d852c/fast && /usr/bin/make -f CMakeFiles/cmTC_d852c.dir/build.make CMakeFiles/cmTC_d852c.dir/build
make[1]: Entering directory '/home/ash/ca-territorial/build/CMakeFiles/CMakeTmp'
Building C object CMakeFiles/cmTC_d852c.dir/SIZEOF_SIGNED_LONG_LONG.c.o
/usr/bin/cc   -fsigned-char -W -Wall -Wreturn-type -Waddress -Wsequence-point -Wformat -Wformat-security -Wmissing-declarations -Wmissing-prototypes -Wstrict-prototypes -Wundef -Winit-self -Wpointer-arith -Wshadow -Wuninitialized -Wno-comment -Wimplicit-fallthrough=3 -Wno-strict-overflow -fdiagnostics-show-option -pthread -fomit-frame-pointer -ffunction-sections -fdata-sections  -msse3 -fvisibility=hidden  -O3 -DNDEBUG  -DNDEBUG -fPIE   -o CMakeFiles/cmTC_d852c.dir/SIZEOF_SIGNED_LONG_LONG.c.o   -c /home/ash/ca-territorial/build/CMakeFiles/CheckTypeSize/SIZEOF_SIGNED_LONG_LONG.c
Linking C executable cmTC_d852c
/usr/bin/cmake -E cmake_link_script CMakeFiles/cmTC_d852c.dir/link.txt --verbose=1
/usr/bin/cc    -fsigned-char -W -Wall -Wreturn-type -Waddress -Wsequence-point -Wformat -Wformat-security -Wmissing-declarations -Wmissing-prototypes -Wstrict-prototypes -Wundef -Winit-self -Wpointer-arith -Wshadow -Wuninitialized -Wno-comment -Wimplicit-fallthrough=3 -Wno-strict-overflow -fdiagnostics-show-option -pthread -fomit-frame-pointer -ffunction-sections -fdata-sections  -msse3 -fvisibility=hidden  -O3 -DNDEBUG  -DNDEBUG    -Wl,--gc-sections -Wl,--as-needed -Wl,--no-undefined  CMakeFiles/cmTC_d852c.dir/SIZEOF_SIGNED_LONG_LONG.c.o  -o cmTC_d852c 
make[1]: Leaving directory '/home/ash/ca-territorial/build/CMakeFiles/CMakeTmp'



Determining size of unsigned long long passed with the following output:
Change Dir: /home/ash/ca-territorial/build/CMakeFiles/CMakeTmp

Run Build Command(s):/usr/bin/make cmTC_a7ee6/fast && /usr/bin/make -f CMakeFiles/cmTC_a7ee6.dir/build.make CMakeFiles/cmTC_a7ee6.dir/build
make[1]: Entering directory '/home/ash/ca-territorial/build/CMakeFiles/CMakeTmp'
Building C object CMakeFiles/cmTC_a7ee6.dir/SIZEOF_UNSIGNED_LONG_LONG.c.o
/usr/bin/cc   -fsigned-char -W -Wall -Wreturn-type -Waddress -Wsequence-point -Wformat -Wformat-security -Wmissing-declarations -Wmissing-prototypes -Wstrict-prototypes -Wundef -Winit-self -Wpointer-arith -Wshadow -Wuninitialized -Wno-comment -Wimplicit-fallthrough=3 -Wno-strict-overflow -fdiagnostics-show-option -pthread -fomit-frame-pointer -ffunction-sections -fdata-sections  -msse3 -fvisibility=hidden  -O3 -DNDEBUG  -DNDEBUG -fPIE   -o CMakeFiles/cmTC_a7ee6.dir/SIZEOF_UNSIGNED_LONG_LONG.c.o   -c /home/ash/ca-territorial/build/CMakeFiles/CheckTypeSize/SIZEOF_UNSIGNED_LONG_LONG.c
Linking C executable cmTC_a7ee6
/usr/bin/cmake -E cmake_link_script CMakeFiles/cmTC_a7ee6.dir/link.txt --verbose=1
/usr/bin/cc    -fsigned-char -W -Wall -Wreturn-type -Waddress -Wsequence-point -Wformat -Wformat-security -Wmissing-declarations -Wmissing-prototypes -Wstrict-prototypes -Wundef -Winit-self -Wpointer-arith -Wshadow -Wuninitialized -Wno-comment -Wimplicit-fallthrough=3 -Wno-strict-overflow -fdiagnostics-show-option -pthread -fomit-frame-pointer -ffunction-sections -fdata-sections  -msse3 -fvisibility=hidden  -O3 -DNDEBUG  -DNDEBUG    -Wl,--gc-sections -Wl,--as-needed -Wl,--no-undefined  CMakeFiles/cmTC_a7ee6.dir/SIZEOF_UNSIGNED_LONG_LONG.c.o  -o cmTC_a7ee6 
make[1]: Leaving directory '/home/ash/ca-territorial/build/CMakeFiles/CMakeTmp'



Determining size of unsigned char * passed with the following output:
Change Dir: /home/ash/ca-territorial/build/CMakeFiles/CMakeTmp

Run Build Command(s):/usr/bin/make cmTC_4d025/fast && /usr/bin/make -f CMakeFiles/cmTC_4d025.dir/build.make CMakeFiles/cmTC_4d025.dir/build
make[1]: Entering directory '/home/ash/ca-territorial/build/CMakeFiles/CMakeTmp'
Building C object CMakeFiles/cmTC_4d025.dir/SIZEOF_UNSIGNED_CHAR_P.c.o
/usr/bin/cc   -fsigned-char -W -Wall -Wreturn-type -Waddress -Wsequence-point -Wformat -Wformat-security -Wmissing-declarations -Wmissing-prototypes -Wstrict-prototypes -Wundef -Winit-self -Wpointer-arith -Wshadow -Wuninitialized -Wno-comment -Wimplicit-fallthrough=3 -Wno-strict-overflow -fdiagnostics-show-option -pthread -fomit-frame-pointer -ffunction-sections -fdata-sections  -msse3 -fvisibility=hidden  -O3 -DNDEBUG  -DNDEBUG -fPIE   -o CMakeFiles/cmTC_4d025.dir/SIZEOF_UNSIGNED_CHAR_P.c.o   -c /home/ash/ca-territorial/build/CMakeFiles/CheckTypeSize/SIZEOF_UNSIGNED_CHAR_P.c
Linking C executable cmTC_4d025
/usr/bin/cmake -E cmake_link_script CMakeFiles/cmTC_4d025.dir/link.txt --verbose=1
/usr/bin/cc    -fsigned-char -W -Wall -Wreturn-type -Waddress -Wsequence-point -Wformat -Wformat-security -Wmissing-declarations -Wmissing-prototypes -Wstrict-prototypes -Wundef -Winit-self -Wpointer-arith -Wshadow -Wuninitialized -Wno-comment -Wimplicit-fallthrough=3 -Wno-strict-overflow -fdiagnostics-show-option -pthread -fomit-frame-pointer -ffunction-sections -fdata-sections  -msse3 -fvisibility=hidden  -O3 -DNDEBUG  -DNDEBUG    -Wl,--gc-sections -Wl,--as-needed -Wl,--no-undefined  CMakeFiles/cmTC_4d025.dir/SIZEOF_UNSIGNED_CHAR_P.c.o  -o cmTC_4d025 
make[1]: Leaving directory '/home/ash/ca-territorial/build/CMakeFiles/CMakeTmp'



Determining size of size_t passed with the following output:
Change Dir: /home/ash/ca-territorial/build/CMakeFiles/CMakeTmp

Run Build Command(s):/usr/bin/make cmTC_bf55b/fast && /usr/bin/make -f CMakeFiles/cmTC_bf55b.dir/build.make CMakeFiles/cmTC_bf55b.dir/build
make[1]: Entering directory '/home/ash/ca-territorial/build/CMakeFiles/CMakeTmp'
Building C object CMakeFiles/cmTC_bf55b.dir/SIZEOF_SIZE_T.c.o
/usr/bin/cc   -fsigned-char -W -Wall -Wreturn-type -Waddress -Wsequence-point -Wformat -Wformat-security -Wmissing-declarations -Wmissing-prototypes -Wstrict-prototypes -Wundef -Winit-self -Wpointer-arith -Wshadow -Wuninitialized -Wno-comment -Wimplicit-fallthrough=3 -Wno-strict-overflow -fdiagnostics-show-option -pthread -fomit-frame-pointer -ffunction-sections -fdata-sections  -msse3 -fvisibility=hidden  -O3 -DNDEBUG  -DNDEBUG -fPIE   -o CMakeFiles/cmTC_bf55b.dir/SIZEOF_SIZE_T.c.o   -c /home/ash/ca-territorial/build/CMakeFiles/CheckTypeSize/SIZEOF_SIZE_T.c
Linking C executable cmTC_bf55b
/usr/bin/cmake -E cmake_link_script CMakeFiles/cmTC_bf55b.dir/link.txt --verbose=1
/usr/bin/cc    -fsigned-char -W -Wall -Wreturn-type -Waddress -Wsequence-point -Wformat -Wformat-security -Wmissing-declarations -Wmissing-prototypes -Wstrict-prototypes -Wundef -Winit-self -Wpointer-arith -Wshadow -Wuninitialized -Wno-comment -Wimplicit-fallthrough=3 -Wno-strict-overflow -fdiagnostics-show-option -pthread -fomit-frame-pointer -ffunction-sections -fdata-sections  -msse3 -fvisibility=hidden  -O3 -DNDEBUG  -DNDEBUG    -Wl,--gc-sections -Wl,--as-needed -Wl,--no-undefined  CMakeFiles/cmTC_bf55b.dir/SIZEOF_SIZE_T.c.o  -o cmTC_bf55b 
make[1]: Leaving directory '/home/ash/ca-territorial/build/CMakeFiles/CMakeTmp'



Determining size of ptrdiff_t passed with the following output:
Change Dir: /home/ash/ca-territorial/build/CMakeFiles/CMakeTmp

Run Build Command(s):/usr/bin/make cmTC_1a19f/fast && /usr/bin/make -f CMakeFiles/cmTC_1a19f.dir/build.make CMakeFiles/cmTC_1a19f.dir/build
make[1]: Entering directory '/home/ash/ca-territorial/build/CMakeFiles/CMakeTmp'
Building C object CMakeFiles/cmTC_1a19f.dir/SIZEOF_PTRDIFF_T.c.o
/usr/bin/cc   -fsigned-char -W -Wall -Wreturn-type -Waddress -Wsequence-point -Wformat -Wformat-security -Wmissing-declarations -Wmissing-prototypes -Wstrict-prototypes -Wundef -Winit-self -Wpointer-arith -Wshadow -Wuninitialized -Wno-comment -Wimplicit-fallthrough=3 -Wno-strict-overflow -fdiagnostics-show-option -pthread -fomit-frame-pointer -ffunction-sections -fdata-sections  -msse3 -fvisibility=hidden  -O3 -DNDEBUG  -DNDEBUG -fPIE   -o CMakeFiles/cmTC_1a19f.dir/SIZEOF_PTRDIFF_T.c.o   -c /home/ash/ca-territorial/build/CMakeFiles/CheckTypeSize/SIZEOF_PTRDIFF_T.c
Linking C executable cmTC_1a19f
/usr/bin/cmake -E cmake_link_script CMakeFiles/cmTC_1a19f.dir/link.txt --verbose=1
/usr/bin/cc    -fsigned-char -W -Wall -Wreturn-type -Waddress -Wsequence-point -Wformat -Wformat-security -Wmissing-declarations -Wmissing-prototypes -Wstrict-prototypes -Wundef -Winit-self -Wpointer-arith -Wshadow -Wuninitialized -Wno-comment -Wimplicit-fallthrough=3 -Wno-strict-overflow -fdiagnostics-show-option -pthread -fomit-frame-pointer -ffunction-sections -fdata-sections  -msse3 -fvisibility=hidden  -O3 -DNDEBUG  -DNDEBUG    -Wl,--gc-sections -Wl,--as-needed -Wl,--no-undefined  CMakeFiles/cmTC_1a19f.dir/SIZEOF_PTRDIFF_T.c.o  -o cmTC_1a19f 
make[1]: Leaving directory '/home/ash/ca-territorial/build/CMakeFiles/CMakeTmp'



Determining if the function floor exists passed with the following output:
Change Dir: /home/ash/ca-territorial/build/CMakeFiles/CMakeTmp

Run Build Command(s):/usr/bin/make cmTC_86f8f/fast && /usr/bin/make -f CMakeFiles/cmTC_86f8f.dir/build.make CMakeFiles/cmTC_86f8f.dir/build
make[1]: Entering directory '/home/ash/ca-territorial/build/CMakeFiles/CMakeTmp'
Building C object CMakeFiles/cmTC_86f8f.dir/CheckFunctionExists.c.o
/usr/bin/cc   -fsigned-char -W -Wall -Wreturn-type -Waddress -Wsequence-point -Wformat -Wformat-security -Wmissing-declarations -Wmissing-prototypes -Wstrict-prototypes -Wundef -Winit-self -Wpointer-arith -Wshadow -Wuninitialized -Wno-comment -Wimplicit-fallthrough=3 -Wno-strict-overflow -fdiagnostics-show-option -pthread -fomit-frame-pointer -ffunction-sections -fdata-sections  -msse3 -fvisibility=hidden -DCHECK_FUNCTION_EXISTS=floor -O3 -DNDEBUG  -DNDEBUG -fPIE   -o CMakeFiles/cmTC_86f8f.dir/CheckFunctionExists.c.o   -c /usr/share/cmake-3.16/Modules/CheckFunctionExists.c
<command-line>: warning: conflicting types for built-in function ‘floor’; expected ‘double(double)’ [-Wbuiltin-declaration-mismatch]
/usr/share/cmake-3.16/Modules/CheckFunctionExists.c:7:3: note: in expansion of macro ‘CHECK_FUNCTION_EXISTS’
    7 |   CHECK_FUNCTION_EXISTS(void);
      |   ^~~~~~~~~~~~~~~~~~~~~
/usr/share/cmake-3.16/Modules/CheckFunctionExists.c:1:1: note: ‘floor’ is declared in header ‘<math.h>’
  +++ |+#include <math.h>
    1 | #ifdef CHECK_FUNCTION_EXISTS
Linking C executable cmTC_86f8f
/usr/bin/cmake -E cmake_link_script CMakeFiles/cmTC_86f8f.dir/link.txt --verbose=1
/usr/bin/cc    -fsigned-char -W -Wall -Wreturn-type -Waddress -Wsequence-point -Wformat -Wformat-security -Wmissing-declarations -Wmissing-prototypes -Wstrict-prototypes -Wundef -Winit-self -Wpointer-arith -Wshadow -Wuninitialized -Wno-comment -Wimplicit-fallthrough=3 -Wno-strict-overflow -fdiagnostics-show-option -pthread -fomit-frame-pointer -ffunction-sections -fdata-sections  -msse3 -fvisibility=hidden -DCHECK_FUNCTION_EXISTS=floor -O3 -DNDEBUG  -DNDEBUG    -Wl,--gc-sections -Wl,--as-needed -Wl,--no-undefined  CMakeFiles/cmTC_86f8f.dir/CheckFunctionExists.c.o  -o cmTC_86f8f  -lm 
make[1]: Leaving directory '/home/ash/ca-territorial/build/CMakeFiles/CMakeTmp'



Determining if the function pow exists passed with the following output:
Change Dir: /home/ash/ca-territorial/build/CMakeFiles/CMakeTmp

Run Build Command(s):/usr/bin/make cmTC_77df4/fast && /usr/bin/make -f CMakeFiles/cmTC_77df4.dir/build.make CMakeFiles/cmTC_77df4.dir/build
make[1]: Entering directory '/home/ash/ca-territorial/build/CMakeFiles/CMakeTmp'
Building C object CMakeFiles/cmTC_77df4.dir/CheckFunctionExists.c.o
/usr/bin/cc   -fsigned-char -W -Wall -Wreturn-type -Waddress -Wsequence-point -Wformat -Wformat-security -Wmissing-declarations -Wmissing-prototypes -Wstrict-prototypes -Wundef -Winit-self -Wpointer-arith -Wshadow -Wuninitialized -Wno-comment -Wimplicit-fallthrough=3 -Wno-strict-overflow -fdiagnostics-show-option -pthread -fomit-frame-pointer -ffunction-sections -fdata-sections  -msse3 -fvisibility=hidden -DCHECK_FUNCTION_EXISTS=pow -O3 -DNDEBUG  -DNDEBUG -fPIE   -o CMakeFiles/cmTC_77df4.dir/CheckFunctionExists.c.o   -c /usr/share/cmake-3.16/Modules/CheckFunctionExists.c
<command-line>: warning: conflicting types for built-in function ‘pow’; expected ‘double(double,  double)’ [-Wbuiltin-declaration-mismatch]
/usr/share/cmake-3.16/Modules/CheckFunctionExists.c:7:3: note: in expansion of macro ‘CHECK_FUNCTION_EXISTS’
    7 |   CHECK_FUNCTION_EXISTS(void);
      |   ^~~~~~~~~~~~~~~~~~~~~
/usr/share/cmake-3.16/Modules/CheckFunctionExists.c:1:1: note: ‘pow’ is declared in header ‘<math.h>’
  +++ |+#include <math.h>
    1 | #ifdef CHECK_FUNCTION_EXISTS
Linking C executable cmTC_77df4
/usr/bin/cmake -E cmake_link_script CMakeFiles/cmTC_77df4.dir/link.txt --verbose=1
/usr/bin/cc    -fsigned-char -W -Wall -Wreturn-type -Waddress -Wsequence-point -Wformat -Wformat-security -Wmissing-declarations -Wmissing-prototypes -Wstrict-prototypes -Wundef -Winit-self -Wpointer-arith -Wshadow -Wuninitialized -Wno-comment -Wimplicit-fallthrough=3 -Wno-strict-overflow -fdiagnostics-show-option -pthread -fomit-frame-pointer -ffunction-sections -fdata-sections  -msse3 -fvisibility=hidden -DCHECK_FUNCTION_EXISTS=pow -O3 -DNDEBUG  -DNDEBUG    -Wl,--gc-sections -Wl,--as-needed -Wl,--no-undefined  CMakeFiles/cmTC_77df4.dir/CheckFunctionExists.c.o  -o cmTC_77df4  -lm 
make[1]: Leaving directory '/home/ash/ca-territorial/build/CMakeFiles/CMakeTmp'



Determining if the function sqrt exists passed with the following output:
Change Dir: /home/ash/ca-territorial/build/CMakeFiles/CMakeTmp

Run Build Command(s):/usr/bin/make cmTC_3a1cd/fast && /usr/bin/make -f CMakeFiles/cmTC_3a1cd.dir/build.make CMakeFiles/cmTC_3a1cd.dir/build
make[1]: Entering directory '/home/ash/ca-territorial/build/CMakeFiles/CMakeTmp'
Building C object CMakeFiles/cmTC_3a1cd.dir/CheckFunctionExists.c.o
/usr/bin/cc   -fsigned-char -W -Wall -Wreturn-type -Waddress -Wsequence-point -Wformat -Wformat-security -Wmissing-declarations -Wmissing-prototypes -Wstrict-prototypes -Wundef -Winit-self -Wpointer-arith -Wshadow -Wuninitialized -Wno-comment -Wimplicit-fallthrough=3 -Wno-strict-overflow -fdiagnostics-show-option -pthread -fomit-frame-pointer -ffunction-sections -fdata-sections  -msse3 -fvisibility=hidden -DCHECK_FUNCTION_EXISTS=sqrt -O3 -DNDEBUG  -DNDEBUG -fPIE   -o CMakeFiles/cmTC_3a1cd.dir/CheckFunctionExists.c.o   -c /usr/share/cmake-3.16/Modules/CheckFunctionExists.c
<command-line>: warning: conflicting types for built-in function ‘sqrt’; expected ‘double(double)’ [-Wbuiltin-declaration-mismatch]
/usr/share/cmake-3.16/Modules/CheckFunctionExists.c:7:3: note: in expansion of macro ‘CHECK_FUNCTION_EXISTS’
    7 |   CHECK_FUNCTION_EXISTS(void);
      |   ^~~~~~~~~~~~~~~~~~~~~
/usr/share/cmake-3.16/Modules/CheckFunctionExists.c:1:1: note: ‘sqrt’ is declared in header ‘<math.h>’
  +++ |+#include <math.h>
    1 | #ifdef CHECK_FUNCTION_EXISTS
Linking C executable cmTC_3a1cd
/usr/bin/cmake -E cmake_link_script CMakeFiles/cmTC_3a1cd.dir/link.txt --verbose=1
/usr/bin/cc    -fsigned-char -W -Wall -Wreturn-type -Waddress -Wsequence-point -Wformat -Wformat-security -Wmissing-declarations -Wmissing-prototypes -Wstrict-prototypes -Wundef -Winit-self -Wpointer-arith -Wshadow -Wuninitialized -Wno-comment -Wimplicit-fallthrough=3 -Wno-strict-overflow -fdiagnostics-show-option -pthread -fomit-frame-pointer -ffunction-sections -fdata-sections  -msse3 -fvisibility=hidden -DCHECK_FUNCTION_EXISTS=sqrt -O3 -DNDEBUG  -DNDEBUG    -Wl,--gc-sections -Wl,--as-needed -Wl,--no-undefined  CMakeFiles/cmTC_3a1cd.dir/CheckFunctionExists.c.o  -o cmTC_3a1cd  -lm 
make[1]: Leaving directory '/home/ash/ca-territorial/build/CMakeFiles/CMakeTmp'



Determining if the function isascii exists passed with the following output:
Change Dir: /home/ash/ca-territorial/build/CMakeFiles/CMakeTmp

Run Build Command(s):/usr/bin/make cmTC_38ae8/fast && /usr/bin/make -f CMakeFiles/cmTC_38ae8.dir/build.make CMakeFiles/cmTC_38ae8.dir/build
make[1]: Entering directory '/home/ash/ca-territorial/build/CMakeFiles/CMakeTmp'
Building C object CMakeFiles/cmTC_38ae8.dir/CheckFunctionExists.c.o
/usr/bin/cc   -fsigned-char -W -Wall -Wreturn-type -Waddress -Wsequence-point -Wformat -Wformat-security -Wmissing-declarations -Wmissing-prototypes -Wstrict-prototypes -Wundef -Winit-self -Wpointer-arith -Wshadow -Wuninitialized -Wno-comment -Wimplicit-fallthrough=3 -Wno-strict-overflow -fdiagnostics-show-option -pthread -fomit-frame-pointer -ffunction-sections -fdata-sections  -msse3 -fvisibility=hidden -DCHECK_FUNCTION_EXISTS=isascii -O3 -DNDEBUG  -DNDEBUG -fPIE   -o CMakeFiles/cmTC_38ae8.dir/CheckFunctionExists.c.o   -c /usr/share/cmake-3.16/Modules/CheckFunctionExists.c
<command-line>: warning: conflicting types for built-in function ‘isascii’; expected ‘int(int)’ [-Wbuiltin-declaration-mismatch]
/usr/share/cmake-3.16/Modules/CheckFunctionExists.c:7:3: note: in expansion of macro ‘CHECK_FUNCTION_EXISTS’
    7 |   CHECK_FUNCTION_EXISTS(void);
      |   ^~~~~~~~~~~~~~~~~~~~~
Linking C executable cmTC_38ae8
/usr/bin/cmake -E cmake_link_script CMakeFiles/cmTC_38ae8.dir/link.txt --verbose=1
/usr/bin/cc    -fsigned-char -W -Wall -Wreturn-type -Waddress -Wsequence-point -Wformat -Wformat-security -Wmissing-declarations -Wmissing-prototypes -Wstrict-prototypes -Wundef -Winit-self -Wpointer-arith -Wshadow -Wuninitialized -Wno-comment -Wimplicit-fallthrough=3 -Wno-strict-overflow -fdiagnostics-show-option -pthread -fomit-frame-pointer -ffunction-sections -fdata-sections  -msse3 -fvisibility=hidden -DCHECK_FUNCTION_EXISTS=isascii -O3 -DNDEBUG  -DNDEBUG    -Wl,--gc-sections -Wl,--as-needed -Wl,--no-undefined  CMakeFiles/cmTC_38ae8.dir/CheckFunctionExists.c.o  -o cmTC_38ae8 
make[1]: Leaving directory '/home/ash/ca-territorial/build/CMakeFiles/CMakeTmp'



Determining if the function memset exists passed with the following output:
Change Dir: /home/ash/ca-territorial/build/CMakeFiles/CMakeTmp

Run Build Command(s):/usr/bin/make cmTC_b5b83/fast && /usr/bin/make -f CMakeFiles/cmTC_b5b83.dir/build.make CMakeFiles/cmTC_b5b83.dir/build
make[1]: Entering directory '/home/ash/ca-territorial/build/CMakeFiles/CMakeTmp'
Building C object CMakeFiles/cmTC_b5b83.dir/CheckFunctionExists.c.o
/usr/bin/cc   -fsigned-char -W -Wall -Wreturn-type -Waddress -Wsequence-point -Wformat -Wformat-security -Wmissing-declarations -Wmissing-prototypes -Wstrict-prototypes -Wundef -Winit-self -Wpointer-arith -Wshadow -Wuninitialized -Wno-comment -Wimplicit-fallthrough=3 -Wno-strict-overflow -fdiagnostics-show-option -pthread -fomit-frame-pointer -ffunction-sections -fdata-sections  -msse3 -fvisibility=hidden -DCHECK_FUNCTION_EXISTS=memset -O3 -DNDEBUG  -DNDEBUG -fPIE   -o CMakeFiles/cmTC_b5b83.dir/CheckFunctionExists.c.o   -c /usr/share/cmake-3.16/Modules/CheckFunctionExists.c
<command-line>: warning: conflicting types for built-in function ‘memset’; expected ‘void *(void *, int,  long unsigned int)’ [-Wbuiltin-declaration-mismatch]
/usr/share/cmake-3.16/Modules/CheckFunctionExists.c:7:3: note: in expansion of macro ‘CHECK_FUNCTION_EXISTS’
    7 |   CHECK_FUNCTION_EXISTS(void);
      |   ^~~~~~~~~~~~~~~~~~~~~
/usr/share/cmake-3.16/Modules/CheckFunctionExists.c:1:1: note: ‘memset’ is declared in header ‘<string.h>’
  +++ |+#include <string.h>
    1 | #ifdef CHECK_FUNCTION_EXISTS
Linking C executable cmTC_b5b83
/usr/bin/cmake -E cmake_link_script CMakeFiles/cmTC_b5b83.dir/link.txt --verbose=1
/usr/bin/cc    -fsigned-char -W -Wall -Wreturn-type -Waddress -Wsequence-point -Wformat -Wformat-security -Wmissing-declarations -Wmissing-prototypes -Wstrict-prototypes -Wundef -Winit-self -Wpointer-arith -Wshadow -Wuninitialized -Wno-comment -Wimplicit-fallthrough=3 -Wno-strict-overflow -fdiagnostics-show-option -pthread -fomit-frame-pointer -ffunction-sections -fdata-sections  -msse3 -fvisibility=hidden -DCHECK_FUNCTION_EXISTS=memset -O3 -DNDEBUG  -DNDEBUG    -Wl,--gc-sections -Wl,--as-needed -Wl,--no-undefined  CMakeFiles/cmTC_b5b83.dir/CheckFunctionExists.c.o  -o cmTC_b5b83 
make[1]: Leaving directory '/home/ash/ca-territorial/build/CMakeFiles/CMakeTmp'



Determining if the function mmap exists passed with the following output:
Change Dir: /home/ash/ca-territorial/build/CMakeFiles/CMakeTmp

Run Build Command(s):/usr/bin/make cmTC_0ae30/fast && /usr/bin/make -f CMakeFiles/cmTC_0ae30.dir/build.make CMakeFiles/cmTC_0ae30.dir/build
make[1]: Entering directory '/home/ash/ca-territorial/build/CMakeFiles/CMakeTmp'
Building C object CMakeFiles/cmTC_0ae30.dir/CheckFunctionExists.c.o
/usr/bin/cc   -fsigned-char -W -Wall -Wreturn-type -Waddress -Wsequence-point -Wformat -Wformat-security -Wmissing-declarations -Wmissing-prototypes -Wstrict-prototypes -Wundef -Winit-self -Wpointer-arith -Wshadow -Wuninitialized -Wno-comment -Wimplicit-fallthrough=3 -Wno-strict-overflow -fdiagnostics-show-option -pthread -fomit-frame-pointer -ffunction-sections -fdata-sections  -msse3 -fvisibility=hidden -DCHECK_FUNCTION_EXISTS=mmap -O3 -DNDEBUG  -DNDEBUG -fPIE   -o CMakeFiles/cmTC_0ae30.dir/CheckFunctionExists.c.o   -c /usr/share/cmake-3.16/Modules/CheckFunctionExists.c
Linking C executable cmTC_0ae30
/usr/bin/cmake -E cmake_link_script CMakeFiles/cmTC_0ae30.dir/link.txt --verbose=1
/usr/bin/cc    -fsigned-char -W -Wall -Wreturn-type -Waddress -Wsequence-point -Wformat -Wformat-security -Wmissing-declarations -Wmissing-prototypes -Wstrict-prototypes -Wundef -Winit-self -Wpointer-arith -Wshadow -Wuninitialized -Wno-comment -Wimplicit-fallthrough=3 -Wno-strict-overflow -fdiagnostics-show-option -pthread -fomit-frame-pointer -ffunction-sections -fdata-sections  -msse3 -fvisibility=hidden -DCHECK_FUNCTION_EXISTS=mmap -O3 -DNDEBUG  -DNDEBUG    -Wl,--gc-sections -Wl,--as-needed -Wl,--no-undefined  CMakeFiles/cmTC_0ae30.dir/CheckFunctionExists.c.o  -o cmTC_0ae30 
make[1]: Leaving directory '/home/ash/ca-territorial/build/CMakeFiles/CMakeTmp'



Determining if the function getopt exists passed with the following output:
Change Dir: /home/ash/ca-territorial/build/CMakeFiles/CMakeTmp

Run Build Command(s):/usr/bin/make cmTC_b9496/fast && /usr/bin/make -f CMakeFiles/cmTC_b9496.dir/build.make CMakeFiles/cmTC_b9496.dir/build
make[1]: Entering directory '/home/ash/ca-territorial/build/CMakeFiles/CMakeTmp'
Building C object CMakeFiles/cmTC_b9496.dir/CheckFunctionExists.c.o
/usr/bin/cc   -fsigned-char -W -Wall -Wreturn-type -Waddress -Wsequence-point -Wformat -Wformat-security -Wmissing-declarations -Wmissing-prototypes -Wstrict-prototypes -Wundef -Winit-self -Wpointer-arith -Wshadow -Wuninitialized -Wno-comment -Wimplicit-fallthrough=3 -Wno-strict-overflow -fdiagnostics-show-option -pthread -fomit-frame-pointer -ffunction-sections -fdata-sections  -msse3 -fvisibility=hidden -DCHECK_FUNCTION_EXISTS=getopt -O3 -DNDEBUG  -DNDEBUG -fPIE   -o CMakeFiles/cmTC_b9496.dir/CheckFunctionExists.c.o   -c /usr/share/cmake-3.16/Modules/CheckFunctionExists.c
Linking C executable cmTC_b9496
/usr/bin/cmake -E cmake_link_script CMakeFiles/cmTC_b9496.dir/link.txt --verbose=1
/usr/bin/cc    -fsigned-char -W -Wall -Wreturn-type -Waddress -Wsequence-point -Wformat -Wformat-security -Wmissing-declarations -Wmissing-prototypes -Wstrict-prototypes -Wundef -Winit-self -Wpointer-arith -Wshadow -Wuninitialized -Wno-comment -Wimplicit-fallthrough=3 -Wno-strict-overflow -fdiagnostics-show-option -pthread -fomit-frame-pointer -ffunction-sections -fdata-sections  -msse3 -fvisibility=hidden -DCHECK_FUNCTION_EXISTS=getopt -O3 -DNDEBUG  -DNDEBUG    -Wl,--gc-sections -Wl,--as-needed -Wl,--no-undefined  CMakeFiles/cmTC_b9496.dir/CheckFunctionExists.c.o  -o cmTC_b9496 
make[1]: Leaving directory '/home/ash/ca-territorial/build/CMakeFiles/CMakeTmp'



Determining if the function memmove exists passed with the following output:
Change Dir: /home/ash/ca-territorial/build/CMakeFiles/CMakeTmp

Run Build Command(s):/usr/bin/make cmTC_9ded6/fast && /usr/bin/make -f CMakeFiles/cmTC_9ded6.dir/build.make CMakeFiles/cmTC_9ded6.dir/build
make[1]: Entering directory '/home/ash/ca-territorial/build/CMakeFiles/CMakeTmp'
Building C object CMakeFiles/cmTC_9ded6.dir/CheckFunctionExists.c.o
/usr/bin/cc   -fsigned-char -W -Wall -Wreturn-type -Waddress -Wsequence-point -Wformat -Wformat-security -Wmissing-declarations -Wmissing-prototypes -Wstrict-prototypes -Wundef -Winit-self -Wpointer-arith -Wshadow -Wuninitialized -Wno-comment -Wimplicit-fallthrough=3 -Wno-strict-overflow -fdiagnostics-show-option -pthread -fomit-frame-pointer -ffunction-sections -fdata-sections  -msse3 -fvisibility=hidden -DCHECK_FUNCTION_EXISTS=memmove -O3 -DNDEBUG  -DNDEBUG -fPIE   -o CMakeFiles/cmTC_9ded6.dir/CheckFunctionExists.c.o   -c /usr/share/cmake-3.16/Modules/CheckFunctionExists.c
<command-line>: warning: conflicting types for built-in function ‘memmove’; expected ‘void *(void *, const void *, long unsigned int)’ [-Wbuiltin-declaration-mismatch]
/usr/share/cmake-3.16/Modules/CheckFunctionExists.c:7:3: note: in expansion of macro ‘CHECK_FUNCTION_EXISTS’
    7 |   CHECK_FUNCTION_EXISTS(void);
      |   ^~~~~~~~~~~~~~~~~~~~~
/usr/share/cmake-3.16/Modules/CheckFunctionExists.c:1:1: note: ‘memmove’ is declared in header ‘<string.h>’
  +++ |+#include <string.h>
    1 | #ifdef CHECK_FUNCTION_EXISTS
Linking C executable cmTC_9ded6
/usr/bin/cmake -E cmake_link_script CMakeFiles/cmTC_9ded6.dir/link.txt --verbose=1
/usr/bin/cc    -fsigned-char -W -Wall -Wreturn-type -Waddress -Wsequence-point -Wformat -Wformat-security -Wmissing-declarations -Wmissing-prototypes -Wstrict-prototypes -Wundef -Winit-self -Wpointer-arith -Wshadow -Wuninitialized -Wno-comment -Wimplicit-fallthrough=3 -Wno-strict-overflow -fdiagnostics-show-option -pthread -fomit-frame-pointer -ffunction-sections -fdata-sections  -msse3 -fvisibility=hidden -DCHECK_FUNCTION_EXISTS=memmove -O3 -DNDEBUG  -DNDEBUG    -Wl,--gc-sections -Wl,--as-needed -Wl,--no-undefined  CMakeFiles/cmTC_9ded6.dir/CheckFunctionExists.c.o  -o cmTC_9ded6 
make[1]: Leaving directory '/home/ash/ca-territorial/build/CMakeFiles/CMakeTmp'



Determining if the function strcasecmp exists passed with the following output:
Change Dir: /home/ash/ca-territorial/build/CMakeFiles/CMakeTmp

Run Build Command(s):/usr/bin/make cmTC_531fa/fast && /usr/bin/make -f CMakeFiles/cmTC_531fa.dir/build.make CMakeFiles/cmTC_531fa.dir/build
make[1]: Entering directory '/home/ash/ca-territorial/build/CMakeFiles/CMakeTmp'
Building C object CMakeFiles/cmTC_531fa.dir/CheckFunctionExists.c.o
/usr/bin/cc   -fsigned-char -W -Wall -Wreturn-type -Waddress -Wsequence-point -Wformat -Wformat-security -Wmissing-declarations -Wmissing-prototypes -Wstrict-prototypes -Wundef -Winit-self -Wpointer-arith -Wshadow -Wuninitialized -Wno-comment -Wimplicit-fallthrough=3 -Wno-strict-overflow -fdiagnostics-show-option -pthread -fomit-frame-pointer -ffunction-sections -fdata-sections  -msse3 -fvisibility=hidden -DCHECK_FUNCTION_EXISTS=strcasecmp -O3 -DNDEBUG  -DNDEBUG -fPIE   -o CMakeFiles/cmTC_531fa.dir/CheckFunctionExists.c.o   -c /usr/share/cmake-3.16/Modules/CheckFunctionExists.c
<command-line>: warning: conflicting types for built-in function ‘strcasecmp’; expected ‘int(const char *, const char *)’ [-Wbuiltin-declaration-mismatch]
<command-line>: note: in definition of macro ‘CHECK_FUNCTION_EXISTS’
Linking C executable cmTC_531fa
/usr/bin/cmake -E cmake_link_script CMakeFiles/cmTC_531fa.dir/link.txt --verbose=1
/usr/bin/cc    -fsigned-char -W -Wall -Wreturn-type -Waddress -Wsequence-point -Wformat -Wformat-security -Wmissing-declarations -Wmissing-prototypes -Wstrict-prototypes -Wundef -Winit-self -Wpointer-arith -Wshadow -Wuninitialized -Wno-comment -Wimplicit-fallthrough=3 -Wno-strict-overflow -fdiagnostics-show-option -pthread -fomit-frame-pointer -ffunction-sections -fdata-sections  -msse3 -fvisibility=hidden -DCHECK_FUNCTION_EXISTS=strcasecmp -O3 -DNDEBUG  -DNDEBUG    -Wl,--gc-sections -Wl,--as-needed -Wl,--no-undefined  CMakeFiles/cmTC_531fa.dir/CheckFunctionExists.c.o  -o cmTC_531fa 
make[1]: Leaving directory '/home/ash/ca-territorial/build/CMakeFiles/CMakeTmp'



Determining if the function strchr exists passed with the following output:
Change Dir: /home/ash/ca-territorial/build/CMakeFiles/CMakeTmp

Run Build Command(s):/usr/bin/make cmTC_f4fba/fast && /usr/bin/make -f CMakeFiles/cmTC_f4fba.dir/build.make CMakeFiles/cmTC_f4fba.dir/build
make[1]: Entering directory '/home/ash/ca-territorial/build/CMakeFiles/CMakeTmp'
Building C object CMakeFiles/cmTC_f4fba.dir/CheckFunctionExists.c.o
/usr/bin/cc   -fsigned-char -W -Wall -Wreturn-type -Waddress -Wsequence-point -Wformat -Wformat-security -Wmissing-declarations -Wmissing-prototypes -Wstrict-prototypes -Wundef -Winit-self -Wpointer-arith -Wshadow -Wuninitialized -Wno-comment -Wimplicit-fallthrough=3 -Wno-strict-overflow -fdiagnostics-show-option -pthread -fomit-frame-pointer -ffunction-sections -fdata-sections  -msse3 -fvisibility=hidden -DCHECK_FUNCTION_EXISTS=strchr -O3 -DNDEBUG  -DNDEBUG -fPIE   -o CMakeFiles/cmTC_f4fba.dir/CheckFunctionExists.c.o   -c /usr/share/cmake-3.16/Modules/CheckFunctionExists.c
<command-line>: warning: conflicting types for built-in function ‘strchr’; expected ‘char *(const char *, int)’ [-Wbuiltin-declaration-mismatch]
/usr/share/cmake-3.16/Modules/CheckFunctionExists.c:7:3: note: in expansion of macro ‘CHECK_FUNCTION_EXISTS’
    7 |   CHECK_FUNCTION_EXISTS(void);
      |   ^~~~~~~~~~~~~~~~~~~~~
/usr/share/cmake-3.16/Modules/CheckFunctionExists.c:1:1: note: ‘strchr’ is declared in header ‘<string.h>’
  +++ |+#include <string.h>
    1 | #ifdef CHECK_FUNCTION_EXISTS
Linking C executable cmTC_f4fba
/usr/bin/cmake -E cmake_link_script CMakeFiles/cmTC_f4fba.dir/link.txt --verbose=1
/usr/bin/cc    -fsigned-char -W -Wall -Wreturn-type -Waddress -Wsequence-point -Wformat -Wformat-security -Wmissing-declarations -Wmissing-prototypes -Wstrict-prototypes -Wundef -Winit-self -Wpointer-arith -Wshadow -Wuninitialized -Wno-comment -Wimplicit-fallthrough=3 -Wno-strict-overflow -fdiagnostics-show-option -pthread -fomit-frame-pointer -ffunction-sections -fdata-sections  -msse3 -fvisibility=hidden -DCHECK_FUNCTION_EXISTS=strchr -O3 -DNDEBUG  -DNDEBUG    -Wl,--gc-sections -Wl,--as-needed -Wl,--no-undefined  CMakeFiles/cmTC_f4fba.dir/CheckFunctionExists.c.o  -o cmTC_f4fba 
make[1]: Leaving directory '/home/ash/ca-territorial/build/CMakeFiles/CMakeTmp'



Determining if the function strrchr exists passed with the following output:
Change Dir: /home/ash/ca-territorial/build/CMakeFiles/CMakeTmp

Run Build Command(s):/usr/bin/make cmTC_609e8/fast && /usr/bin/make -f CMakeFiles/cmTC_609e8.dir/build.make CMakeFiles/cmTC_609e8.dir/build
make[1]: Entering directory '/home/ash/ca-territorial/build/CMakeFiles/CMakeTmp'
Building C object CMakeFiles/cmTC_609e8.dir/CheckFunctionExists.c.o
/usr/bin/cc   -fsigned-char -W -Wall -Wreturn-type -Waddress -Wsequence-point -Wformat -Wformat-security -Wmissing-declarations -Wmissing-prototypes -Wstrict-prototypes -Wundef -Winit-self -Wpointer-arith -Wshadow -Wuninitialized -Wno-comment -Wimplicit-fallthrough=3 -Wno-strict-overflow -fdiagnostics-show-option -pthread -fomit-frame-pointer -ffunction-sections -fdata-sections  -msse3 -fvisibility=hidden -DCHECK_FUNCTION_EXISTS=strrchr -O3 -DNDEBUG  -DNDEBUG -fPIE   -o CMakeFiles/cmTC_609e8.dir/CheckFunctionExists.c.o   -c /usr/share/cmake-3.16/Modules/CheckFunctionExists.c
<command-line>: warning: conflicting types for built-in function ‘strrchr’; expected ‘char *(const char *, int)’ [-Wbuiltin-declaration-mismatch]
/usr/share/cmake-3.16/Modules/CheckFunctionExists.c:7:3: note: in expansion of macro ‘CHECK_FUNCTION_EXISTS’
    7 |   CHECK_FUNCTION_EXISTS(void);
      |   ^~~~~~~~~~~~~~~~~~~~~
/usr/share/cmake-3.16/Modules/CheckFunctionExists.c:1:1: note: ‘strrchr’ is declared in header ‘<string.h>’
  +++ |+#include <string.h>
    1 | #ifdef CHECK_FUNCTION_EXISTS
Linking C executable cmTC_609e8
/usr/bin/cmake -E cmake_link_script CMakeFiles/cmTC_609e8.dir/link.txt --verbose=1
/usr/bin/cc    -fsigned-char -W -Wall -Wreturn-type -Waddress -Wsequence-point -Wformat -Wformat-security -Wmissing-declarations -Wmissing-prototypes -Wstrict-prototypes -Wundef -Winit-self -Wpointer-arith -Wshadow -Wuninitialized -Wno-comment -Wimplicit-fallthrough=3 -Wno-strict-overflow -fdiagnostics-show-option -pthread -fomit-frame-pointer -ffunction-sections -fdata-sections  -msse3 -fvisibility=hidden -DCHECK_FUNCTION_EXISTS=strrchr -O3 -DNDEBUG  -DNDEBUG    -Wl,--gc-sections -Wl,--as-needed -Wl,--no-undefined  CMakeFiles/cmTC_609e8.dir/CheckFunctionExists.c.o  -o cmTC_609e8 
make[1]: Leaving directory '/home/ash/ca-territorial/build/CMakeFiles/CMakeTmp'



Determining if the function strstr exists passed with the following output:
Change Dir: /home/ash/ca-territorial/build/CMakeFiles/CMakeTmp

Run Build Command(s):/usr/bin/make cmTC_9e293/fast && /usr/bin/make -f CMakeFiles/cmTC_9e293.dir/build.make CMakeFiles/cmTC_9e293.dir/build
make[1]: Entering directory '/home/ash/ca-territorial/build/CMakeFiles/CMakeTmp'
Building C object CMakeFiles/cmTC_9e293.dir/CheckFunctionExists.c.o
/usr/bin/cc   -fsigned-char -W -Wall -Wreturn-type -Waddress -Wsequence-point -Wformat -Wformat-security -Wmissing-declarations -Wmissing-prototypes -Wstrict-prototypes -Wundef -Winit-self -Wpointer-arith -Wshadow -Wuninitialized -Wno-comment -Wimplicit-fallthrough=3 -Wno-strict-overflow -fdiagnostics-show-option -pthread -fomit-frame-pointer -ffunction-sections -fdata-sections  -msse3 -fvisibility=hidden -DCHECK_FUNCTION_EXISTS=strstr -O3 -DNDEBUG  -DNDEBUG -fPIE   -o CMakeFiles/cmTC_9e293.dir/CheckFunctionExists.c.o   -c /usr/share/cmake-3.16/Modules/CheckFunctionExists.c
<command-line>: warning: conflicting types for built-in function ‘strstr’; expected ‘char *(const char *, const char *)’ [-Wbuiltin-declaration-mismatch]
/usr/share/cmake-3.16/Modules/CheckFunctionExists.c:7:3: note: in expansion of macro ‘CHECK_FUNCTION_EXISTS’
    7 |   CHECK_FUNCTION_EXISTS(void);
      |   ^~~~~~~~~~~~~~~~~~~~~
/usr/share/cmake-3.16/Modules/CheckFunctionExists.c:1:1: note: ‘strstr’ is declared in header ‘<string.h>’
  +++ |+#include <string.h>
    1 | #ifdef CHECK_FUNCTION_EXISTS
Linking C executable cmTC_9e293
/usr/bin/cmake -E cmake_link_script CMakeFiles/cmTC_9e293.dir/link.txt --verbose=1
/usr/bin/cc    -fsigned-char -W -Wall -Wreturn-type -Waddress -Wsequence-point -Wformat -Wformat-security -Wmissing-declarations -Wmissing-prototypes -Wstrict-prototypes -Wundef -Winit-self -Wpointer-arith -Wshadow -Wuninitialized -Wno-comment -Wimplicit-fallthrough=3 -Wno-strict-overflow -fdiagnostics-show-option -pthread -fomit-frame-pointer -ffunction-sections -fdata-sections  -msse3 -fvisibility=hidden -DCHECK_FUNCTION_EXISTS=strstr -O3 -DNDEBUG  -DNDEBUG    -Wl,--gc-sections -Wl,--as-needed -Wl,--no-undefined  CMakeFiles/cmTC_9e293.dir/CheckFunctionExists.c.o  -o cmTC_9e293 
make[1]: Leaving directory '/home/ash/ca-territorial/build/CMakeFiles/CMakeTmp'



Determining if the function strtol exists passed with the following output:
Change Dir: /home/ash/ca-territorial/build/CMakeFiles/CMakeTmp

Run Build Command(s):/usr/bin/make cmTC_7cbc7/fast && /usr/bin/make -f CMakeFiles/cmTC_7cbc7.dir/build.make CMakeFiles/cmTC_7cbc7.dir/build
make[1]: Entering directory '/home/ash/ca-territorial/build/CMakeFiles/CMakeTmp'
Building C object CMakeFiles/cmTC_7cbc7.dir/CheckFunctionExists.c.o
/usr/bin/cc   -fsigned-char -W -Wall -Wreturn-type -Waddress -Wsequence-point -Wformat -Wformat-security -Wmissing-declarations -Wmissing-prototypes -Wstrict-prototypes -Wundef -Winit-self -Wpointer-arith -Wshadow -Wuninitialized -Wno-comment -Wimplicit-fallthrough=3 -Wno-strict-overflow -fdiagnostics-show-option -pthread -fomit-frame-pointer -ffunction-sections -fdata-sections  -msse3 -fvisibility=hidden -DCHECK_FUNCTION_EXISTS=strtol -O3 -DNDEBUG  -DNDEBUG -fPIE   -o CMakeFiles/cmTC_7cbc7.dir/CheckFunctionExists.c.o   -c /usr/share/cmake-3.16/Modules/CheckFunctionExists.c
Linking C executable cmTC_7cbc7
/usr/bin/cmake -E cmake_link_script CMakeFiles/cmTC_7cbc7.dir/link.txt --verbose=1
/usr/bin/cc    -fsigned-char -W -Wall -Wreturn-type -Waddress -Wsequence-point -Wformat -Wformat-security -Wmissing-declarations -Wmissing-prototypes -Wstrict-prototypes -Wundef -Winit-self -Wpointer-arith -Wshadow -Wuninitialized -Wno-comment -Wimplicit-fallthrough=3 -Wno-strict-overflow -fdiagnostics-show-option -pthread -fomit-frame-pointer -ffunction-sections -fdata-sections  -msse3 -fvisibility=hidden -DCHECK_FUNCTION_EXISTS=strtol -O3 -DNDEBUG  -DNDEBUG    -Wl,--gc-sections -Wl,--as-needed -Wl,--no-undefined  CMakeFiles/cmTC_7cbc7.dir/CheckFunctionExists.c.o  -o cmTC_7cbc7 
make[1]: Leaving directory '/home/ash/ca-territorial/build/CMakeFiles/CMakeTmp'



Determining if the function strtol exists passed with the following output:
Change Dir: /home/ash/ca-territorial/build/CMakeFiles/CMakeTmp

Run Build Command(s):/usr/bin/make cmTC_dacfe/fast && /usr/bin/make -f CMakeFiles/cmTC_dacfe.dir/build.make CMakeFiles/cmTC_dacfe.dir/build
make[1]: Entering directory '/home/ash/ca-territorial/build/CMakeFiles/CMakeTmp'
Building C object CMakeFiles/cmTC_dacfe.dir/CheckFunctionExists.c.o
/usr/bin/cc   -fsigned-char -W -Wall -Wreturn-type -Waddress -Wsequence-point -Wformat -Wformat-security -Wmissing-declarations -Wmissing-prototypes -Wstrict-prototypes -Wundef -Winit-self -Wpointer-arith -Wshadow -Wuninitialized -Wno-comment -Wimplicit-fallthrough=3 -Wno-strict-overflow -fdiagnostics-show-option -pthread -fomit-frame-pointer -ffunction-sections -fdata-sections  -msse3 -fvisibility=hidden -DCHECK_FUNCTION_EXISTS=strtol -O3 -DNDEBUG  -DNDEBUG -fPIE   -o CMakeFiles/cmTC_dacfe.dir/CheckFunctionExists.c.o   -c /usr/share/cmake-3.16/Modules/CheckFunctionExists.c
Linking C executable cmTC_dacfe
/usr/bin/cmake -E cmake_link_script CMakeFiles/cmTC_dacfe.dir/link.txt --verbose=1
/usr/bin/cc    -fsigned-char -W -Wall -Wreturn-type -Waddress -Wsequence-point -Wformat -Wformat-security -Wmissing-declarations -Wmissing-prototypes -Wstrict-prototypes -Wundef -Winit-self -Wpointer-arith -Wshadow -Wuninitialized -Wno-comment -Wimplicit-fallthrough=3 -Wno-strict-overflow -fdiagnostics-show-option -pthread -fomit-frame-pointer -ffunction-sections -fdata-sections  -msse3 -fvisibility=hidden -DCHECK_FUNCTION_EXISTS=strtol -O3 -DNDEBUG  -DNDEBUG    -Wl,--gc-sections -Wl,--as-needed -Wl,--no-undefined  CMakeFiles/cmTC_dacfe.dir/CheckFunctionExists.c.o  -o cmTC_dacfe 
make[1]: Leaving directory '/home/ash/ca-territorial/build/CMakeFiles/CMakeTmp'



Determining if the function strtoull exists passed with the following output:
Change Dir: /home/ash/ca-territorial/build/CMakeFiles/CMakeTmp

Run Build Command(s):/usr/bin/make cmTC_23d42/fast && /usr/bin/make -f CMakeFiles/cmTC_23d42.dir/build.make CMakeFiles/cmTC_23d42.dir/build
make[1]: Entering directory '/home/ash/ca-territorial/build/CMakeFiles/CMakeTmp'
Building C object CMakeFiles/cmTC_23d42.dir/CheckFunctionExists.c.o
/usr/bin/cc   -fsigned-char -W -Wall -Wreturn-type -Waddress -Wsequence-point -Wformat -Wformat-security -Wmissing-declarations -Wmissing-prototypes -Wstrict-prototypes -Wundef -Winit-self -Wpointer-arith -Wshadow -Wuninitialized -Wno-comment -Wimplicit-fallthrough=3 -Wno-strict-overflow -fdiagnostics-show-option -pthread -fomit-frame-pointer -ffunction-sections -fdata-sections  -msse3 -fvisibility=hidden -DCHECK_FUNCTION_EXISTS=strtoull -O3 -DNDEBUG  -DNDEBUG -fPIE   -o CMakeFiles/cmTC_23d42.dir/CheckFunctionExists.c.o   -c /usr/share/cmake-3.16/Modules/CheckFunctionExists.c
Linking C executable cmTC_23d42
/usr/bin/cmake -E cmake_link_script CMakeFiles/cmTC_23d42.dir/link.txt --verbose=1
/usr/bin/cc    -fsigned-char -W -Wall -Wreturn-type -Waddress -Wsequence-point -Wformat -Wformat-security -Wmissing-declarations -Wmissing-prototypes -Wstrict-prototypes -Wundef -Winit-self -Wpointer-arith -Wshadow -Wuninitialized -Wno-comment -Wimplicit-fallthrough=3 -Wno-strict-overflow -fdiagnostics-show-option -pthread -fomit-frame-pointer -ffunction-sections -fdata-sections  -msse3 -fvisibility=hidden -DCHECK_FUNCTION_EXISTS=strtoull -O3 -DNDEBUG  -DNDEBUG    -Wl,--gc-sections -Wl,--as-needed -Wl,--no-undefined  CMakeFiles/cmTC_23d42.dir/CheckFunctionExists.c.o  -o cmTC_23d42 
make[1]: Leaving directory '/home/ash/ca-territorial/build/CMakeFiles/CMakeTmp'



Determining if the function lfind exists passed with the following output:
Change Dir: /home/ash/ca-territorial/build/CMakeFiles/CMakeTmp

Run Build Command(s):/usr/bin/make cmTC_841ba/fast && /usr/bin/make -f CMakeFiles/cmTC_841ba.dir/build.make CMakeFiles/cmTC_841ba.dir/build
make[1]: Entering directory '/home/ash/ca-territorial/build/CMakeFiles/CMakeTmp'
Building C object CMakeFiles/cmTC_841ba.dir/CheckFunctionExists.c.o
/usr/bin/cc   -fsigned-char -W -Wall -Wreturn-type -Waddress -Wsequence-point -Wformat -Wformat-security -Wmissing-declarations -Wmissing-prototypes -Wstrict-prototypes -Wundef -Winit-self -Wpointer-arith -Wshadow -Wuninitialized -Wno-comment -Wimplicit-fallthrough=3 -Wno-strict-overflow -fdiagnostics-show-option -pthread -fomit-frame-pointer -ffunction-sections -fdata-sections  -msse3 -fvisibility=hidden -DCHECK_FUNCTION_EXISTS=lfind -O3 -DNDEBUG  -DNDEBUG -fPIE   -o CMakeFiles/cmTC_841ba.dir/CheckFunctionExists.c.o   -c /usr/share/cmake-3.16/Modules/CheckFunctionExists.c
Linking C executable cmTC_841ba
/usr/bin/cmake -E cmake_link_script CMakeFiles/cmTC_841ba.dir/link.txt --verbose=1
/usr/bin/cc    -fsigned-char -W -Wall -Wreturn-type -Waddress -Wsequence-point -Wformat -Wformat-security -Wmissing-declarations -Wmissing-prototypes -Wstrict-prototypes -Wundef -Winit-self -Wpointer-arith -Wshadow -Wuninitialized -Wno-comment -Wimplicit-fallthrough=3 -Wno-strict-overflow -fdiagnostics-show-option -pthread -fomit-frame-pointer -ffunction-sections -fdata-sections  -msse3 -fvisibility=hidden -DCHECK_FUNCTION_EXISTS=lfind -O3 -DNDEBUG  -DNDEBUG    -Wl,--gc-sections -Wl,--as-needed -Wl,--no-undefined  CMakeFiles/cmTC_841ba.dir/CheckFunctionExists.c.o  -o cmTC_841ba 
make[1]: Leaving directory '/home/ash/ca-territorial/build/CMakeFiles/CMakeTmp'



Determining if the system is big endian passed with the following output:
Change Dir: /home/ash/ca-territorial/build/CMakeFiles/CMakeTmp

Run Build Command(s):/usr/bin/make cmTC_180d9/fast && /usr/bin/make -f CMakeFiles/cmTC_180d9.dir/build.make CMakeFiles/cmTC_180d9.dir/build
make[1]: Entering directory '/home/ash/ca-territorial/build/CMakeFiles/CMakeTmp'
Building C object CMakeFiles/cmTC_180d9.dir/TestEndianess.c.o
/usr/bin/cc   -fsigned-char -W -Wall -Wreturn-type -Waddress -Wsequence-point -Wformat -Wformat-security -Wmissing-declarations -Wmissing-prototypes -Wstrict-prototypes -Wundef -Winit-self -Wpointer-arith -Wshadow -Wuninitialized -Wno-comment -Wimplicit-fallthrough=3 -Wno-strict-overflow -fdiagnostics-show-option -pthread -fomit-frame-pointer -ffunction-sections -fdata-sections  -msse3 -fvisibility=hidden  -O3 -DNDEBUG  -DNDEBUG -fPIE   -o CMakeFiles/cmTC_180d9.dir/TestEndianess.c.o   -c /home/ash/ca-territorial/build/CMakeFiles/CMakeTmp/TestEndianess.c
Linking C executable cmTC_180d9
/usr/bin/cmake -E cmake_link_script CMakeFiles/cmTC_180d9.dir/link.txt --verbose=1
/usr/bin/cc    -fsigned-char -W -Wall -Wreturn-type -Waddress -Wsequence-point -Wformat -Wformat-security -Wmissing-declarations -Wmissing-prototypes -Wstrict-prototypes -Wundef -Winit-self -Wpointer-arith -Wshadow -Wuninitialized -Wno-comment -Wimplicit-fallthrough=3 -Wno-strict-overflow -fdiagnostics-show-option -pthread -fomit-frame-pointer -ffunction-sections -fdata-sections  -msse3 -fvisibility=hidden  -O3 -DNDEBUG  -DNDEBUG    -Wl,--gc-sections -Wl,--as-needed -Wl,--no-undefined  CMakeFiles/cmTC_180d9.dir/TestEndianess.c.o  -o cmTC_180d9 
make[1]: Leaving directory '/home/ash/ca-territorial/build/CMakeFiles/CMakeTmp'


TestEndianess.c:
/* A 16 bit integer is required. */
typedef unsigned short cmakeint16;

/* On a little endian machine, these 16bit ints will give "THIS IS LITTLE ENDIAN."
   On a big endian machine the characters will be exchanged pairwise. */
const cmakeint16 info_little[] =  {0x4854, 0x5349, 0x4920, 0x2053, 0x494c, 0x5454, 0x454c, 0x4520, 0x444e, 0x4149, 0x2e4e, 0x0000};

/* on a big endian machine, these 16bit ints will give "THIS IS BIG ENDIAN."
   On a little endian machine the characters will be exchanged pairwise. */
const cmakeint16 info_big[] =     {0x5448, 0x4953, 0x2049, 0x5320, 0x4249, 0x4720, 0x454e, 0x4449, 0x414e, 0x2e2e, 0x0000};

#ifdef __CLASSIC_C__
int main(argc, argv) int argc; char *argv[];
#else
int main(int argc, char *argv[])
#endif
{
  int require = 0;
  require += info_little[argc];
  require += info_big[argc];
  (void)argv;
  return require;
}


Determining if the system is big endian passed with the following output:
Change Dir: /home/ash/ca-territorial/build/CMakeFiles/CMakeTmp

Run Build Command(s):/usr/bin/make cmTC_b0537/fast && /usr/bin/make -f CMakeFiles/cmTC_b0537.dir/build.make CMakeFiles/cmTC_b0537.dir/build
make[1]: Entering directory '/home/ash/ca-territorial/build/CMakeFiles/CMakeTmp'
Building C object CMakeFiles/cmTC_b0537.dir/TestEndianess.c.o
/usr/bin/cc   -fsigned-char -W -Wall -Wreturn-type -Waddress -Wsequence-point -Wformat -Wformat-security -Wstrict-prototypes -Wundef -Winit-self -Wpointer-arith -Wshadow -Wuninitialized -Wno-comment -Wimplicit-fallthrough=3 -Wno-strict-overflow -fdiagnostics-show-option -pthread -fomit-frame-pointer -ffunction-sections -fdata-sections  -msse3 -fvisibility=hidden -Wno-unused-but-set-variable -Wno-missing-prototypes -Wno-missing-declarations  -O3 -DNDEBUG  -DNDEBUG -fPIE   -o CMakeFiles/cmTC_b0537.dir/TestEndianess.c.o   -c /home/ash/ca-territorial/build/CMakeFiles/CMakeTmp/TestEndianess.c
Linking C executable cmTC_b0537
/usr/bin/cmake -E cmake_link_script CMakeFiles/cmTC_b0537.dir/link.txt --verbose=1
/usr/bin/cc    -fsigned-char -W -Wall -Wreturn-type -Waddress -Wsequence-point -Wformat -Wformat-security -Wstrict-prototypes -Wundef -Winit-self -Wpointer-arith -Wshadow -Wuninitialized -Wno-comment -Wimplicit-fallthrough=3 -Wno-strict-overflow -fdiagnostics-show-option -pthread -fomit-frame-pointer -ffunction-sections -fdata-sections  -msse3 -fvisibility=hidden -Wno-unused-but-set-variable -Wno-missing-prototypes -Wno-missing-declarations  -O3 -DNDEBUG  -DNDEBUG    -Wl,--gc-sections -Wl,--as-needed -Wl,--no-undefined  CMakeFiles/cmTC_b0537.dir/TestEndianess.c.o  -o cmTC_b0537 
make[1]: Leaving directory '/home/ash/ca-territorial/build/CMakeFiles/CMakeTmp'


TestEndianess.c:
/* A 16 bit integer is required. */
typedef unsigned short cmakeint16;

/* On a little endian machine, these 16bit ints will give "THIS IS LITTLE ENDIAN."
   On a big endian machine the characters will be exchanged pairwise. */
const cmakeint16 info_little[] =  {0x4854, 0x5349, 0x4920, 0x2053, 0x494c, 0x5454, 0x454c, 0x4520, 0x444e, 0x4149, 0x2e4e, 0x0000};

/* on a big endian machine, these 16bit ints will give "THIS IS BIG ENDIAN."
   On a little endian machine the characters will be exchanged pairwise. */
const cmakeint16 info_big[] =     {0x5448, 0x4953, 0x2049, 0x5320, 0x4249, 0x4720, 0x454e, 0x4449, 0x414e, 0x2e2e, 0x0000};

#ifdef __CLASSIC_C__
int main(argc, argv) int argc; char *argv[];
#else
int main(int argc, char *argv[])
#endif
{
  int require = 0;
  require += info_little[argc];
  require += info_big[argc];
  (void)argv;
  return require;
}


Determining if the include file stdio.h exists passed with the following output:
Change Dir: /home/ash/ca-territorial/build/CMakeFiles/CMakeTmp

Run Build Command(s):/usr/bin/make cmTC_820c7/fast && /usr/bin/make -f CMakeFiles/cmTC_820c7.dir/build.make CMakeFiles/cmTC_820c7.dir/build
make[1]: Entering directory '/home/ash/ca-territorial/build/CMakeFiles/CMakeTmp'
Building C object CMakeFiles/cmTC_820c7.dir/CheckIncludeFile.c.o
/usr/bin/cc   -fsigned-char -W -Wall -Wreturn-type -Waddress -Wsequence-point -Wformat -Wformat-security -Wstrict-prototypes -Wundef -Winit-self -Wpointer-arith -Wshadow -Wuninitialized -Wno-comment -Wimplicit-fallthrough=3 -Wno-strict-overflow -fdiagnostics-show-option -pthread -fomit-frame-pointer -ffunction-sections -fdata-sections  -msse3 -fvisibility=hidden -Wno-unused-but-set-variable -Wno-missing-prototypes -Wno-missing-declarations  -O3 -DNDEBUG  -DNDEBUG -fPIE   -o CMakeFiles/cmTC_820c7.dir/CheckIncludeFile.c.o   -c /home/ash/ca-territorial/build/CMakeFiles/CMakeTmp/CheckIncludeFile.c
Linking C executable cmTC_820c7
/usr/bin/cmake -E cmake_link_script CMakeFiles/cmTC_820c7.dir/link.txt --verbose=1
/usr/bin/cc    -fsigned-char -W -Wall -Wreturn-type -Waddress -Wsequence-point -Wformat -Wformat-security -Wstrict-prototypes -Wundef -Winit-self -Wpointer-arith -Wshadow -Wuninitialized -Wno-comment -Wimplicit-fallthrough=3 -Wno-strict-overflow -fdiagnostics-show-option -pthread -fomit-frame-pointer -ffunction-sections -fdata-sections  -msse3 -fvisibility=hidden -Wno-unused-but-set-variable -Wno-missing-prototypes -Wno-missing-declarations  -O3 -DNDEBUG  -DNDEBUG    -Wl,--gc-sections -Wl,--as-needed -Wl,--no-undefined  CMakeFiles/cmTC_820c7.dir/CheckIncludeFile.c.o  -o cmTC_820c7 
make[1]: Leaving directory '/home/ash/ca-territorial/build/CMakeFiles/CMakeTmp'



Determining if the include file math.h exists passed with the following output:
Change Dir: /home/ash/ca-territorial/build/CMakeFiles/CMakeTmp

Run Build Command(s):/usr/bin/make cmTC_fcef0/fast && /usr/bin/make -f CMakeFiles/cmTC_fcef0.dir/build.make CMakeFiles/cmTC_fcef0.dir/build
make[1]: Entering directory '/home/ash/ca-territorial/build/CMakeFiles/CMakeTmp'
Building C object CMakeFiles/cmTC_fcef0.dir/CheckIncludeFile.c.o
/usr/bin/cc   -fsigned-char -W -Wall -Wreturn-type -Waddress -Wsequence-point -Wformat -Wformat-security -Wstrict-prototypes -Wundef -Winit-self -Wpointer-arith -Wshadow -Wuninitialized -Wno-comment -Wimplicit-fallthrough=3 -Wno-strict-overflow -fdiagnostics-show-option -pthread -fomit-frame-pointer -ffunction-sections -fdata-sections  -msse3 -fvisibility=hidden -Wno-unused-but-set-variable -Wno-missing-prototypes -Wno-missing-declarations  -O3 -DNDEBUG  -DNDEBUG -fPIE   -o CMakeFiles/cmTC_fcef0.dir/CheckIncludeFile.c.o   -c /home/ash/ca-territorial/build/CMakeFiles/CMakeTmp/CheckIncludeFile.c
Linking C executable cmTC_fcef0
/usr/bin/cmake -E cmake_link_script CMakeFiles/cmTC_fcef0.dir/link.txt --verbose=1
/usr/bin/cc    -fsigned-char -W -Wall -Wreturn-type -Waddress -Wsequence-point -Wformat -Wformat-security -Wstrict-prototypes -Wundef -Winit-self -Wpointer-arith -Wshadow -Wuninitialized -Wno-comment -Wimplicit-fallthrough=3 -Wno-strict-overflow -fdiagnostics-show-option -pthread -fomit-frame-pointer -ffunction-sections -fdata-sections  -msse3 -fvisibility=hidden -Wno-unused-but-set-variable -Wno-missing-prototypes -Wno-missing-declarations  -O3 -DNDEBUG  -DNDEBUG    -Wl,--gc-sections -Wl,--as-needed -Wl,--no-undefined  CMakeFiles/cmTC_fcef0.dir/CheckIncludeFile.c.o  -o cmTC_fcef0 
make[1]: Leaving directory '/home/ash/ca-territorial/build/CMakeFiles/CMakeTmp'



Determining if the include file float.h exists passed with the following output:
Change Dir: /home/ash/ca-territorial/build/CMakeFiles/CMakeTmp

Run Build Command(s):/usr/bin/make cmTC_58283/fast && /usr/bin/make -f CMakeFiles/cmTC_58283.dir/build.make CMakeFiles/cmTC_58283.dir/build
make[1]: Entering directory '/home/ash/ca-territorial/build/CMakeFiles/CMakeTmp'
Building C object CMakeFiles/cmTC_58283.dir/CheckIncludeFile.c.o
/usr/bin/cc   -fsigned-char -W -Wall -Wreturn-type -Waddress -Wsequence-point -Wformat -Wformat-security -Wstrict-prototypes -Wundef -Winit-self -Wpointer-arith -Wshadow -Wuninitialized -Wno-comment -Wimplicit-fallthrough=3 -Wno-strict-overflow -fdiagnostics-show-option -pthread -fomit-frame-pointer -ffunction-sections -fdata-sections  -msse3 -fvisibility=hidden -Wno-unused-but-set-variable -Wno-missing-prototypes -Wno-missing-declarations  -O3 -DNDEBUG  -DNDEBUG -fPIE   -o CMakeFiles/cmTC_58283.dir/CheckIncludeFile.c.o   -c /home/ash/ca-territorial/build/CMakeFiles/CMakeTmp/CheckIncludeFile.c
Linking C executable cmTC_58283
/usr/bin/cmake -E cmake_link_script CMakeFiles/cmTC_58283.dir/link.txt --verbose=1
/usr/bin/cc    -fsigned-char -W -Wall -Wreturn-type -Waddress -Wsequence-point -Wformat -Wformat-security -Wstrict-prototypes -Wundef -Winit-self -Wpointer-arith -Wshadow -Wuninitialized -Wno-comment -Wimplicit-fallthrough=3 -Wno-strict-overflow -fdiagnostics-show-option -pthread -fomit-frame-pointer -ffunction-sections -fdata-sections  -msse3 -fvisibility=hidden -Wno-unused-but-set-variable -Wno-missing-prototypes -Wno-missing-declarations  -O3 -DNDEBUG  -DNDEBUG    -Wl,--gc-sections -Wl,--as-needed -Wl,--no-undefined  CMakeFiles/cmTC_58283.dir/CheckIncludeFile.c.o  -o cmTC_58283 
make[1]: Leaving directory '/home/ash/ca-territorial/build/CMakeFiles/CMakeTmp'



Determining if the include file time.h exists passed with the following output:
Change Dir: /home/ash/ca-territorial/build/CMakeFiles/CMakeTmp

Run Build Command(s):/usr/bin/make cmTC_e6ed9/fast && /usr/bin/make -f CMakeFiles/cmTC_e6ed9.dir/build.make CMakeFiles/cmTC_e6ed9.dir/build
make[1]: Entering directory '/home/ash/ca-territorial/build/CMakeFiles/CMakeTmp'
Building C object CMakeFiles/cmTC_e6ed9.dir/CheckIncludeFile.c.o
/usr/bin/cc   -fsigned-char -W -Wall -Wreturn-type -Waddress -Wsequence-point -Wformat -Wformat-security -Wstrict-prototypes -Wundef -Winit-self -Wpointer-arith -Wshadow -Wuninitialized -Wno-comment -Wimplicit-fallthrough=3 -Wno-strict-overflow -fdiagnostics-show-option -pthread -fomit-frame-pointer -ffunction-sections -fdata-sections  -msse3 -fvisibility=hidden -Wno-unused-but-set-variable -Wno-missing-prototypes -Wno-missing-declarations  -O3 -DNDEBUG  -DNDEBUG -fPIE   -o CMakeFiles/cmTC_e6ed9.dir/CheckIncludeFile.c.o   -c /home/ash/ca-territorial/build/CMakeFiles/CMakeTmp/CheckIncludeFile.c
Linking C executable cmTC_e6ed9
/usr/bin/cmake -E cmake_link_script CMakeFiles/cmTC_e6ed9.dir/link.txt --verbose=1
/usr/bin/cc    -fsigned-char -W -Wall -Wreturn-type -Waddress -Wsequence-point -Wformat -Wformat-security -Wstrict-prototypes -Wundef -Winit-self -Wpointer-arith -Wshadow -Wuninitialized -Wno-comment -Wimplicit-fallthrough=3 -Wno-strict-overflow -fdiagnostics-show-option -pthread -fomit-frame-pointer -ffunction-sections -fdata-sections  -msse3 -fvisibility=hidden -Wno-unused-but-set-variable -Wno-missing-prototypes -Wno-missing-declarations  -O3 -DNDEBUG  -DNDEBUG    -Wl,--gc-sections -Wl,--as-needed -Wl,--no-undefined  CMakeFiles/cmTC_e6ed9.dir/CheckIncludeFile.c.o  -o cmTC_e6ed9 
make[1]: Leaving directory '/home/ash/ca-territorial/build/CMakeFiles/CMakeTmp'



Determining if the include file stdarg.h exists passed with the following output:
Change Dir: /home/ash/ca-territorial/build/CMakeFiles/CMakeTmp

Run Build Command(s):/usr/bin/make cmTC_445cb/fast && /usr/bin/make -f CMakeFiles/cmTC_445cb.dir/build.make CMakeFiles/cmTC_445cb.dir/build
make[1]: Entering directory '/home/ash/ca-territorial/build/CMakeFiles/CMakeTmp'
Building C object CMakeFiles/cmTC_445cb.dir/CheckIncludeFile.c.o
/usr/bin/cc   -fsigned-char -W -Wall -Wreturn-type -Waddress -Wsequence-point -Wformat -Wformat-security -Wstrict-prototypes -Wundef -Winit-self -Wpointer-arith -Wshadow -Wuninitialized -Wno-comment -Wimplicit-fallthrough=3 -Wno-strict-overflow -fdiagnostics-show-option -pthread -fomit-frame-pointer -ffunction-sections -fdata-sections  -msse3 -fvisibility=hidden -Wno-unused-but-set-variable -Wno-missing-prototypes -Wno-missing-declarations  -O3 -DNDEBUG  -DNDEBUG -fPIE   -o CMakeFiles/cmTC_445cb.dir/CheckIncludeFile.c.o   -c /home/ash/ca-territorial/build/CMakeFiles/CMakeTmp/CheckIncludeFile.c
Linking C executable cmTC_445cb
/usr/bin/cmake -E cmake_link_script CMakeFiles/cmTC_445cb.dir/link.txt --verbose=1
/usr/bin/cc    -fsigned-char -W -Wall -Wreturn-type -Waddress -Wsequence-point -Wformat -Wformat-security -Wstrict-prototypes -Wundef -Winit-self -Wpointer-arith -Wshadow -Wuninitialized -Wno-comment -Wimplicit-fallthrough=3 -Wno-strict-overflow -fdiagnostics-show-option -pthread -fomit-frame-pointer -ffunction-sections -fdata-sections  -msse3 -fvisibility=hidden -Wno-unused-but-set-variable -Wno-missing-prototypes -Wno-missing-declarations  -O3 -DNDEBUG  -DNDEBUG    -Wl,--gc-sections -Wl,--as-needed -Wl,--no-undefined  CMakeFiles/cmTC_445cb.dir/CheckIncludeFile.c.o  -o cmTC_445cb 
make[1]: Leaving directory '/home/ash/ca-territorial/build/CMakeFiles/CMakeTmp'



Determining if the include file ctype.h exists passed with the following output:
Change Dir: /home/ash/ca-territorial/build/CMakeFiles/CMakeTmp

Run Build Command(s):/usr/bin/make cmTC_63ede/fast && /usr/bin/make -f CMakeFiles/cmTC_63ede.dir/build.make CMakeFiles/cmTC_63ede.dir/build
make[1]: Entering directory '/home/ash/ca-territorial/build/CMakeFiles/CMakeTmp'
Building C object CMakeFiles/cmTC_63ede.dir/CheckIncludeFile.c.o
/usr/bin/cc   -fsigned-char -W -Wall -Wreturn-type -Waddress -Wsequence-point -Wformat -Wformat-security -Wstrict-prototypes -Wundef -Winit-self -Wpointer-arith -Wshadow -Wuninitialized -Wno-comment -Wimplicit-fallthrough=3 -Wno-strict-overflow -fdiagnostics-show-option -pthread -fomit-frame-pointer -ffunction-sections -fdata-sections  -msse3 -fvisibility=hidden -Wno-unused-but-set-variable -Wno-missing-prototypes -Wno-missing-declarations  -O3 -DNDEBUG  -DNDEBUG -fPIE   -o CMakeFiles/cmTC_63ede.dir/CheckIncludeFile.c.o   -c /home/ash/ca-territorial/build/CMakeFiles/CMakeTmp/CheckIncludeFile.c
Linking C executable cmTC_63ede
/usr/bin/cmake -E cmake_link_script CMakeFiles/cmTC_63ede.dir/link.txt --verbose=1
/usr/bin/cc    -fsigned-char -W -Wall -Wreturn-type -Waddress -Wsequence-point -Wformat -Wformat-security -Wstrict-prototypes -Wundef -Winit-self -Wpointer-arith -Wshadow -Wuninitialized -Wno-comment -Wimplicit-fallthrough=3 -Wno-strict-overflow -fdiagnostics-show-option -pthread -fomit-frame-pointer -ffunction-sections -fdata-sections  -msse3 -fvisibility=hidden -Wno-unused-but-set-variable -Wno-missing-prototypes -Wno-missing-declarations  -O3 -DNDEBUG  -DNDEBUG    -Wl,--gc-sections -Wl,--as-needed -Wl,--no-undefined  CMakeFiles/cmTC_63ede.dir/CheckIncludeFile.c.o  -o cmTC_63ede 
make[1]: Leaving directory '/home/ash/ca-territorial/build/CMakeFiles/CMakeTmp'



Determining if the include file stdint.h exists passed with the following output:
Change Dir: /home/ash/ca-territorial/build/CMakeFiles/CMakeTmp

Run Build Command(s):/usr/bin/make cmTC_8b95a/fast && /usr/bin/make -f CMakeFiles/cmTC_8b95a.dir/build.make CMakeFiles/cmTC_8b95a.dir/build
make[1]: Entering directory '/home/ash/ca-territorial/build/CMakeFiles/CMakeTmp'
Building C object CMakeFiles/cmTC_8b95a.dir/CheckIncludeFile.c.o
/usr/bin/cc   -fsigned-char -W -Wall -Wreturn-type -Waddress -Wsequence-point -Wformat -Wformat-security -Wstrict-prototypes -Wundef -Winit-self -Wpointer-arith -Wshadow -Wuninitialized -Wno-comment -Wimplicit-fallthrough=3 -Wno-strict-overflow -fdiagnostics-show-option -pthread -fomit-frame-pointer -ffunction-sections -fdata-sections  -msse3 -fvisibility=hidden -Wno-unused-but-set-variable -Wno-missing-prototypes -Wno-missing-declarations  -O3 -DNDEBUG  -DNDEBUG -fPIE   -o CMakeFiles/cmTC_8b95a.dir/CheckIncludeFile.c.o   -c /home/ash/ca-territorial/build/CMakeFiles/CMakeTmp/CheckIncludeFile.c
Linking C executable cmTC_8b95a
/usr/bin/cmake -E cmake_link_script CMakeFiles/cmTC_8b95a.dir/link.txt --verbose=1
/usr/bin/cc    -fsigned-char -W -Wall -Wreturn-type -Waddress -Wsequence-point -Wformat -Wformat-security -Wstrict-prototypes -Wundef -Winit-self -Wpointer-arith -Wshadow -Wuninitialized -Wno-comment -Wimplicit-fallthrough=3 -Wno-strict-overflow -fdiagnostics-show-option -pthread -fomit-frame-pointer -ffunction-sections -fdata-sections  -msse3 -fvisibility=hidden -Wno-unused-but-set-variable -Wno-missing-prototypes -Wno-missing-declarations  -O3 -DNDEBUG  -DNDEBUG    -Wl,--gc-sections -Wl,--as-needed -Wl,--no-undefined  CMakeFiles/cmTC_8b95a.dir/CheckIncludeFile.c.o  -o cmTC_8b95a 
make[1]: Leaving directory '/home/ash/ca-territorial/build/CMakeFiles/CMakeTmp'



Determining if the include file inttypes.h exists passed with the following output:
Change Dir: /home/ash/ca-territorial/build/CMakeFiles/CMakeTmp

Run Build Command(s):/usr/bin/make cmTC_46d73/fast && /usr/bin/make -f CMakeFiles/cmTC_46d73.dir/build.make CMakeFiles/cmTC_46d73.dir/build
make[1]: Entering directory '/home/ash/ca-territorial/build/CMakeFiles/CMakeTmp'
Building C object CMakeFiles/cmTC_46d73.dir/CheckIncludeFile.c.o
/usr/bin/cc   -fsigned-char -W -Wall -Wreturn-type -Waddress -Wsequence-point -Wformat -Wformat-security -Wstrict-prototypes -Wundef -Winit-self -Wpointer-arith -Wshadow -Wuninitialized -Wno-comment -Wimplicit-fallthrough=3 -Wno-strict-overflow -fdiagnostics-show-option -pthread -fomit-frame-pointer -ffunction-sections -fdata-sections  -msse3 -fvisibility=hidden -Wno-unused-but-set-variable -Wno-missing-prototypes -Wno-missing-declarations  -O3 -DNDEBUG  -DNDEBUG -fPIE   -o CMakeFiles/cmTC_46d73.dir/CheckIncludeFile.c.o   -c /home/ash/ca-territorial/build/CMakeFiles/CMakeTmp/CheckIncludeFile.c
Linking C executable cmTC_46d73
/usr/bin/cmake -E cmake_link_script CMakeFiles/cmTC_46d73.dir/link.txt --verbose=1
/usr/bin/cc    -fsigned-char -W -Wall -Wreturn-type -Waddress -Wsequence-point -Wformat -Wformat-security -Wstrict-prototypes -Wundef -Winit-self -Wpointer-arith -Wshadow -Wuninitialized -Wno-comment -Wimplicit-fallthrough=3 -Wno-strict-overflow -fdiagnostics-show-option -pthread -fomit-frame-pointer -ffunction-sections -fdata-sections  -msse3 -fvisibility=hidden -Wno-unused-but-set-variable -Wno-missing-prototypes -Wno-missing-declarations  -O3 -DNDEBUG  -DNDEBUG    -Wl,--gc-sections -Wl,--as-needed -Wl,--no-undefined  CMakeFiles/cmTC_46d73.dir/CheckIncludeFile.c.o  -o cmTC_46d73 
make[1]: Leaving directory '/home/ash/ca-territorial/build/CMakeFiles/CMakeTmp'



Determining if the include file sys/stat.h exists passed with the following output:
Change Dir: /home/ash/ca-territorial/build/CMakeFiles/CMakeTmp

Run Build Command(s):/usr/bin/make cmTC_96d96/fast && /usr/bin/make -f CMakeFiles/cmTC_96d96.dir/build.make CMakeFiles/cmTC_96d96.dir/build
make[1]: Entering directory '/home/ash/ca-territorial/build/CMakeFiles/CMakeTmp'
Building C object CMakeFiles/cmTC_96d96.dir/CheckIncludeFile.c.o
/usr/bin/cc   -fsigned-char -W -Wall -Wreturn-type -Waddress -Wsequence-point -Wformat -Wformat-security -Wstrict-prototypes -Wundef -Winit-self -Wpointer-arith -Wshadow -Wuninitialized -Wno-comment -Wimplicit-fallthrough=3 -Wno-strict-overflow -fdiagnostics-show-option -pthread -fomit-frame-pointer -ffunction-sections -fdata-sections  -msse3 -fvisibility=hidden -Wno-unused-but-set-variable -Wno-missing-prototypes -Wno-missing-declarations  -O3 -DNDEBUG  -DNDEBUG -fPIE   -o CMakeFiles/cmTC_96d96.dir/CheckIncludeFile.c.o   -c /home/ash/ca-territorial/build/CMakeFiles/CMakeTmp/CheckIncludeFile.c
Linking C executable cmTC_96d96
/usr/bin/cmake -E cmake_link_script CMakeFiles/cmTC_96d96.dir/link.txt --verbose=1
/usr/bin/cc    -fsigned-char -W -Wall -Wreturn-type -Waddress -Wsequence-point -Wformat -Wformat-security -Wstrict-prototypes -Wundef -Winit-self -Wpointer-arith -Wshadow -Wuninitialized -Wno-comment -Wimplicit-fallthrough=3 -Wno-strict-overflow -fdiagnostics-show-option -pthread -fomit-frame-pointer -ffunction-sections -fdata-sections  -msse3 -fvisibility=hidden -Wno-unused-but-set-variable -Wno-missing-prototypes -Wno-missing-declarations  -O3 -DNDEBUG  -DNDEBUG    -Wl,--gc-sections -Wl,--as-needed -Wl,--no-undefined  CMakeFiles/cmTC_96d96.dir/CheckIncludeFile.c.o  -o cmTC_96d96 
make[1]: Leaving directory '/home/ash/ca-territorial/build/CMakeFiles/CMakeTmp'



Determining if files malloc.h exist passed with the following output:
Change Dir: /home/ash/ca-territorial/build/CMakeFiles/CMakeTmp

Run Build Command(s):/usr/bin/make cmTC_7b1b2/fast && /usr/bin/make -f CMakeFiles/cmTC_7b1b2.dir/build.make CMakeFiles/cmTC_7b1b2.dir/build
make[1]: Entering directory '/home/ash/ca-territorial/build/CMakeFiles/CMakeTmp'
Building C object CMakeFiles/cmTC_7b1b2.dir/OPJ_HAVE_MALLOC_H.c.o
/usr/bin/cc   -fsigned-char -W -Wall -Wreturn-type -Waddress -Wsequence-point -Wformat -Wformat-security -Wstrict-prototypes -Wundef -Winit-self -Wpointer-arith -Wshadow -Wuninitialized -Wno-comment -Wimplicit-fallthrough=3 -Wno-strict-overflow -fdiagnostics-show-option -pthread -fomit-frame-pointer -ffunction-sections -fdata-sections  -msse3 -fvisibility=hidden -Wno-unused-but-set-variable -Wno-missing-prototypes -Wno-missing-declarations  -O3 -DNDEBUG  -DNDEBUG -fPIE   -o CMakeFiles/cmTC_7b1b2.dir/OPJ_HAVE_MALLOC_H.c.o   -c /home/ash/ca-territorial/build/CMakeFiles/CheckIncludeFiles/OPJ_HAVE_MALLOC_H.c
Linking C executable cmTC_7b1b2
/usr/bin/cmake -E cmake_link_script CMakeFiles/cmTC_7b1b2.dir/link.txt --verbose=1
/usr/bin/cc    -fsigned-char -W -Wall -Wreturn-type -Waddress -Wsequence-point -Wformat -Wformat-security -Wstrict-prototypes -Wundef -Winit-self -Wpointer-arith -Wshadow -Wuninitialized -Wno-comment -Wimplicit-fallthrough=3 -Wno-strict-overflow -fdiagnostics-show-option -pthread -fomit-frame-pointer -ffunction-sections -fdata-sections  -msse3 -fvisibility=hidden -Wno-unused-but-set-variable -Wno-missing-prototypes -Wno-missing-declarations  -O3 -DNDEBUG  -DNDEBUG    -Wl,--gc-sections -Wl,--as-needed -Wl,--no-undefined  CMakeFiles/cmTC_7b1b2.dir/OPJ_HAVE_MALLOC_H.c.o  -o cmTC_7b1b2 
make[1]: Leaving directory '/home/ash/ca-territorial/build/CMakeFiles/CMakeTmp'



Determining if the posix_memalign exist passed with the following output:
Change Dir: /home/ash/ca-territorial/build/CMakeFiles/CMakeTmp

Run Build Command(s):/usr/bin/make cmTC_698b8/fast && /usr/bin/make -f CMakeFiles/cmTC_698b8.dir/build.make CMakeFiles/cmTC_698b8.dir/build
make[1]: Entering directory '/home/ash/ca-territorial/build/CMakeFiles/CMakeTmp'
Building C object CMakeFiles/cmTC_698b8.dir/CheckSymbolExists.c.o
/usr/bin/cc -D_POSIX_C_SOURCE=200112L  -fsigned-char -W -Wall -Wreturn-type -Waddress -Wsequence-point -Wformat -Wformat-security -Wstrict-prototypes -Wundef -Winit-self -Wpointer-arith -Wshadow -Wuninitialized -Wno-comment -Wimplicit-fallthrough=3 -Wno-strict-overflow -fdiagnostics-show-option -pthread -fomit-frame-pointer -ffunction-sections -fdata-sections  -msse3 -fvisibility=hidden -Wno-unused-but-set-variable -Wno-missing-prototypes -Wno-missing-declarations  -O3 -DNDEBUG  -DNDEBUG -fPIE   -o CMakeFiles/cmTC_698b8.dir/CheckSymbolExists.c.o   -c /home/ash/ca-territorial/build/CMakeFiles/CMakeTmp/CheckSymbolExists.c
Linking C executable cmTC_698b8
/usr/bin/cmake -E cmake_link_script CMakeFiles/cmTC_698b8.dir/link.txt --verbose=1
/usr/bin/cc    -fsigned-char -W -Wall -Wreturn-type -Waddress -Wsequence-point -Wformat -Wformat-security -Wstrict-prototypes -Wundef -Winit-self -Wpointer-arith -Wshadow -Wuninitialized -Wno-comment -Wimplicit-fallthrough=3 -Wno-strict-overflow -fdiagnostics-show-option -pthread -fomit-frame-pointer -ffunction-sections -fdata-sections  -msse3 -fvisibility=hidden -Wno-unused-but-set-variable -Wno-missing-prototypes -Wno-missing-declarations  -O3 -DNDEBUG  -DNDEBUG    -Wl,--gc-sections -Wl,--as-needed -Wl,--no-undefined  CMakeFiles/cmTC_698b8.dir/CheckSymbolExists.c.o  -o cmTC_698b8 
make[1]: Leaving directory '/home/ash/ca-territorial/build/CMakeFiles/CMakeTmp'


File /home/ash/ca-territorial/build/CMakeFiles/CMakeTmp/CheckSymbolExists.c:
/* */
#include <stdlib.h>

int main(int argc, char** argv)
{
  (void)argv;
#ifndef posix_memalign
  return ((int*)(&posix_memalign))[argc];
#else
  (void)argc;
  return 0;
#endif
}
Determining if the memalign exist passed with the following output:
Change Dir: /home/ash/ca-territorial/build/CMakeFiles/CMakeTmp

Run Build Command(s):/usr/bin/make cmTC_50cd3/fast && /usr/bin/make -f CMakeFiles/cmTC_50cd3.dir/build.make CMakeFiles/cmTC_50cd3.dir/build
make[1]: Entering directory '/home/ash/ca-territorial/build/CMakeFiles/CMakeTmp'
Building C object CMakeFiles/cmTC_50cd3.dir/CheckSymbolExists.c.o
/usr/bin/cc   -fsigned-char -W -Wall -Wreturn-type -Waddress -Wsequence-point -Wformat -Wformat-security -Wstrict-prototypes -Wundef -Winit-self -Wpointer-arith -Wshadow -Wuninitialized -Wno-comment -Wimplicit-fallthrough=3 -Wno-strict-overflow -fdiagnostics-show-option -pthread -fomit-frame-pointer -ffunction-sections -fdata-sections  -msse3 -fvisibility=hidden -Wno-unused-but-set-variable -Wno-missing-prototypes -Wno-missing-declarations  -O3 -DNDEBUG  -DNDEBUG -fPIE   -o CMakeFiles/cmTC_50cd3.dir/CheckSymbolExists.c.o   -c /home/ash/ca-territorial/build/CMakeFiles/CMakeTmp/CheckSymbolExists.c
Linking C executable cmTC_50cd3
/usr/bin/cmake -E cmake_link_script CMakeFiles/cmTC_50cd3.dir/link.txt --verbose=1
/usr/bin/cc    -fsigned-char -W -Wall -Wreturn-type -Waddress -Wsequence-point -Wformat -Wformat-security -Wstrict-prototypes -Wundef -Winit-self -Wpointer-arith -Wshadow -Wuninitialized -Wno-comment -Wimplicit-fallthrough=3 -Wno-strict-overflow -fdiagnostics-show-option -pthread -fomit-frame-pointer -ffunction-sections -fdata-sections  -msse3 -fvisibility=hidden -Wno-unused-but-set-variable -Wno-missing-prototypes -Wno-missing-declarations  -O3 -DNDEBUG  -DNDEBUG    -Wl,--gc-sections -Wl,--as-needed -Wl,--no-undefined  CMakeFiles/cmTC_50cd3.dir/CheckSymbolExists.c.o  -o cmTC_50cd3 
make[1]: Leaving directory '/home/ash/ca-territorial/build/CMakeFiles/CMakeTmp'


File /home/ash/ca-territorial/build/CMakeFiles/CMakeTmp/CheckSymbolExists.c:
/* */
#include <malloc.h>

int main(int argc, char** argv)
{
  (void)argv;
#ifndef memalign
  return ((int*)(&memalign))[argc];
#else
  (void)argc;
  return 0;
#endif
}
Determining if the include file pthread.h exists passed with the following output:
Change Dir: /home/ash/ca-territorial/build/CMakeFiles/CMakeTmp

Run Build Command(s):/usr/bin/make cmTC_091f6/fast && /usr/bin/make -f CMakeFiles/cmTC_091f6.dir/build.make CMakeFiles/cmTC_091f6.dir/build
make[1]: Entering directory '/home/ash/ca-territorial/build/CMakeFiles/CMakeTmp'
Building C object CMakeFiles/cmTC_091f6.dir/CheckIncludeFile.c.o
/usr/bin/cc   -fsigned-char -W -Wall -Wreturn-type -Waddress -Wsequence-point -Wformat -Wformat-security -Winit-self -Wpointer-arith -Wuninitialized -Wno-comment -Wimplicit-fallthrough=3 -Wno-strict-overflow -fdiagnostics-show-option -pthread -fomit-frame-pointer -ffunction-sections -fdata-sections  -msse3 -fvisibility=hidden -Wno-unused-but-set-variable -Wno-missing-prototypes -Wno-missing-declarations -Wno-undef -Wno-strict-prototypes -Wno-cast-function-type -Wno-shadow -Wno-unused-function  -O3 -DNDEBUG  -DNDEBUG -fPIE   -o CMakeFiles/cmTC_091f6.dir/CheckIncludeFile.c.o   -c /home/ash/ca-territorial/build/CMakeFiles/CMakeTmp/CheckIncludeFile.c
Linking C executable cmTC_091f6
/usr/bin/cmake -E cmake_link_script CMakeFiles/cmTC_091f6.dir/link.txt --verbose=1
/usr/bin/cc    -fsigned-char -W -Wall -Wreturn-type -Waddress -Wsequence-point -Wformat -Wformat-security -Winit-self -Wpointer-arith -Wuninitialized -Wno-comment -Wimplicit-fallthrough=3 -Wno-strict-overflow -fdiagnostics-show-option -pthread -fomit-frame-pointer -ffunction-sections -fdata-sections  -msse3 -fvisibility=hidden -Wno-unused-but-set-variable -Wno-missing-prototypes -Wno-missing-declarations -Wno-undef -Wno-strict-prototypes -Wno-cast-function-type -Wno-shadow -Wno-unused-function  -O3 -DNDEBUG  -DNDEBUG    -Wl,--gc-sections -Wl,--as-needed -Wl,--no-undefined  CMakeFiles/cmTC_091f6.dir/CheckIncludeFile.c.o  -o cmTC_091f6 
make[1]: Leaving directory '/home/ash/ca-territorial/build/CMakeFiles/CMakeTmp'



Performing C SOURCE FILE Test CMAKE_HAVE_LIBC_PTHREAD succeeded with the following output:
Change Dir: /home/ash/ca-territorial/build/CMakeFiles/CMakeTmp

Run Build Command(s):/usr/bin/make cmTC_c014f/fast && /usr/bin/make -f CMakeFiles/cmTC_c014f.dir/build.make CMakeFiles/cmTC_c014f.dir/build
make[1]: Entering directory '/home/ash/ca-territorial/build/CMakeFiles/CMakeTmp'
Building C object CMakeFiles/cmTC_c014f.dir/src.c.o
/usr/bin/cc   -fsigned-char -W -Wall -Wreturn-type -Waddress -Wsequence-point -Wformat -Wformat-security -Winit-self -Wpointer-arith -Wuninitialized -Wno-comment -Wimplicit-fallthrough=3 -Wno-strict-overflow -fdiagnostics-show-option -pthread -fomit-frame-pointer -ffunction-sections -fdata-sections  -msse3 -fvisibility=hidden -Wno-unused-but-set-variable -Wno-missing-prototypes -Wno-missing-declarations -Wno-undef -Wno-strict-prototypes -Wno-cast-function-type -Wno-shadow -Wno-unused-function -DCMAKE_HAVE_LIBC_PTHREAD -O3 -DNDEBUG  -DNDEBUG -fPIE   -o CMakeFiles/cmTC_c014f.dir/src.c.o   -c /home/ash/ca-territorial/build/CMakeFiles/CMakeTmp/src.c
Linking C executable cmTC_c014f
/usr/bin/cmake -E cmake_link_script CMakeFiles/cmTC_c014f.dir/link.txt --verbose=1
/usr/bin/cc    -fsigned-char -W -Wall -Wreturn-type -Waddress -Wsequence-point -Wformat -Wformat-security -Winit-self -Wpointer-arith -Wuninitialized -Wno-comment -Wimplicit-fallthrough=3 -Wno-strict-overflow -fdiagnostics-show-option -pthread -fomit-frame-pointer -ffunction-sections -fdata-sections  -msse3 -fvisibility=hidden -Wno-unused-but-set-variable -Wno-missing-prototypes -Wno-missing-declarations -Wno-undef -Wno-strict-prototypes -Wno-cast-function-type -Wno-shadow -Wno-unused-function -DCMAKE_HAVE_LIBC_PTHREAD -O3 -DNDEBUG  -DNDEBUG    -Wl,--gc-sections -Wl,--as-needed -Wl,--no-undefined  CMakeFiles/cmTC_c014f.dir/src.c.o  -o cmTC_c014f 
make[1]: Leaving directory '/home/ash/ca-territorial/build/CMakeFiles/CMakeTmp'


Source file was:
#include <pthread.h>

void* test_func(void* data)
{
  return data;
}

int main(void)
{
  pthread_t thread;
  pthread_create(&thread, NULL, test_func, NULL);
  pthread_detach(thread);
  pthread_join(thread, NULL);
  pthread_atfork(NULL, NULL, NULL);
  pthread_exit(NULL);

  return 0;
}

Determining if the include file semaphore.h exists passed with the following output:
Change Dir: /home/ash/ca-territorial/build/CMakeFiles/CMakeTmp

Run Build Command(s):/usr/bin/make cmTC_6c1c8/fast && /usr/bin/make -f CMakeFiles/cmTC_6c1c8.dir/build.make CMakeFiles/cmTC_6c1c8.dir/build
make[1]: Entering directory '/home/ash/ca-territorial/build/CMakeFiles/CMakeTmp'
Building C object CMakeFiles/cmTC_6c1c8.dir/CheckIncludeFile.c.o
/usr/bin/cc   -fsigned-char -W -Wall -Wreturn-type -Waddress -Wsequence-point -Wformat -Wformat-security -Wmissing-declarations -Wmissing-prototypes -Wstrict-prototypes -Wundef -Winit-self -Wpointer-arith -Wshadow -Wuninitialized -Wno-comment -Wimplicit-fallthrough=3 -Wno-strict-overflow -fdiagnostics-show-option -pthread -fomit-frame-pointer -ffunction-sections -fdata-sections  -msse3 -fvisibility=hidden  -O3 -DNDEBUG  -DNDEBUG -fPIE   -o CMakeFiles/cmTC_6c1c8.dir/CheckIncludeFile.c.o   -c /home/ash/ca-territorial/build/CMakeFiles/CMakeTmp/CheckIncludeFile.c
Linking C executable cmTC_6c1c8
/usr/bin/cmake -E cmake_link_script CMakeFiles/cmTC_6c1c8.dir/link.txt --verbose=1
/usr/bin/cc    -fsigned-char -W -Wall -Wreturn-type -Waddress -Wsequence-point -Wformat -Wformat-security -Wmissing-declarations -Wmissing-prototypes -Wstrict-prototypes -Wundef -Winit-self -Wpointer-arith -Wshadow -Wuninitialized -Wno-comment -Wimplicit-fallthrough=3 -Wno-strict-overflow -fdiagnostics-show-option -pthread -fomit-frame-pointer -ffunction-sections -fdata-sections  -msse3 -fvisibility=hidden  -O3 -DNDEBUG  -DNDEBUG    -Wl,--gc-sections -Wl,--as-needed -Wl,--no-undefined  CMakeFiles/cmTC_6c1c8.dir/CheckIncludeFile.c.o  -o cmTC_6c1c8 
make[1]: Leaving directory '/home/ash/ca-territorial/build/CMakeFiles/CMakeTmp'



Determining if the function sgemm_ exists passed with the following output:
Change Dir: /home/ash/ca-territorial/build/CMakeFiles/CMakeTmp

Run Build Command(s):/usr/bin/make cmTC_71d2d/fast && /usr/bin/make -f CMakeFiles/cmTC_71d2d.dir/build.make CMakeFiles/cmTC_71d2d.dir/build
make[1]: Entering directory '/home/ash/ca-territorial/build/CMakeFiles/CMakeTmp'
Building C object CMakeFiles/cmTC_71d2d.dir/CheckFunctionExists.c.o
/usr/bin/cc   -fsigned-char -W -Wall -Wreturn-type -Waddress -Wsequence-point -Wformat -Wformat-security -Wmissing-declarations -Wmissing-prototypes -Wstrict-prototypes -Wundef -Winit-self -Wpointer-arith -Wshadow -Wuninitialized -Wno-comment -Wimplicit-fallthrough=3 -Wno-strict-overflow -fdiagnostics-show-option -pthread -fomit-frame-pointer -ffunction-sections -fdata-sections  -msse3 -fvisibility=hidden -DCHECK_FUNCTION_EXISTS=sgemm_ -O3 -DNDEBUG  -DNDEBUG -fPIE   -o CMakeFiles/cmTC_71d2d.dir/CheckFunctionExists.c.o   -c /usr/share/cmake-3.16/Modules/CheckFunctionExists.c
Linking C executable cmTC_71d2d
/usr/bin/cmake -E cmake_link_script CMakeFiles/cmTC_71d2d.dir/link.txt --verbose=1
/usr/bin/cc    -fsigned-char -W -Wall -Wreturn-type -Waddress -Wsequence-point -Wformat -Wformat-security -Wmissing-declarations -Wmissing-prototypes -Wstrict-prototypes -Wundef -Winit-self -Wpointer-arith -Wshadow -Wuninitialized -Wno-comment -Wimplicit-fallthrough=3 -Wno-strict-overflow -fdiagnostics-show-option -pthread -fomit-frame-pointer -ffunction-sections -fdata-sections  -msse3 -fvisibility=hidden -DCHECK_FUNCTION_EXISTS=sgemm_ -O3 -DNDEBUG  -DNDEBUG    -Wl,--gc-sections -Wl,--as-needed -Wl,--no-undefined  CMakeFiles/cmTC_71d2d.dir/CheckFunctionExists.c.o  -o cmTC_71d2d  /usr/lib/x86_64-linux-gnu/libblas.so 
make[1]: Leaving directory '/home/ash/ca-territorial/build/CMakeFiles/CMakeTmp'



Determining if the function cheev_ exists passed with the following output:
Change Dir: /home/ash/ca-territorial/build/CMakeFiles/CMakeTmp

Run Build Command(s):/usr/bin/make cmTC_633fe/fast && /usr/bin/make -f CMakeFiles/cmTC_633fe.dir/build.make CMakeFiles/cmTC_633fe.dir/build
make[1]: Entering directory '/home/ash/ca-territorial/build/CMakeFiles/CMakeTmp'
Building C object CMakeFiles/cmTC_633fe.dir/CheckFunctionExists.c.o
/usr/bin/cc   -fsigned-char -W -Wall -Wreturn-type -Waddress -Wsequence-point -Wformat -Wformat-security -Wmissing-declarations -Wmissing-prototypes -Wstrict-prototypes -Wundef -Winit-self -Wpointer-arith -Wshadow -Wuninitialized -Wno-comment -Wimplicit-fallthrough=3 -Wno-strict-overflow -fdiagnostics-show-option -pthread -fomit-frame-pointer -ffunction-sections -fdata-sections  -msse3 -fvisibility=hidden -DCHECK_FUNCTION_EXISTS=cheev_ -O3 -DNDEBUG  -DNDEBUG -fPIE   -o CMakeFiles/cmTC_633fe.dir/CheckFunctionExists.c.o   -c /usr/share/cmake-3.16/Modules/CheckFunctionExists.c
Linking C executable cmTC_633fe
/usr/bin/cmake -E cmake_link_script CMakeFiles/cmTC_633fe.dir/link.txt --verbose=1
/usr/bin/cc    -fsigned-char -W -Wall -Wreturn-type -Waddress -Wsequence-point -Wformat -Wformat-security -Wmissing-declarations -Wmissing-prototypes -Wstrict-prototypes -Wundef -Winit-self -Wpointer-arith -Wshadow -Wuninitialized -Wno-comment -Wimplicit-fallthrough=3 -Wno-strict-overflow -fdiagnostics-show-option -pthread -fomit-frame-pointer -ffunction-sections -fdata-sections  -msse3 -fvisibility=hidden -DCHECK_FUNCTION_EXISTS=cheev_ -O3 -DNDEBUG  -DNDEBUG    -Wl,--gc-sections -Wl,--as-needed -Wl,--no-undefined  CMakeFiles/cmTC_633fe.dir/CheckFunctionExists.c.o  -o cmTC_633fe  /usr/lib/x86_64-linux-gnu/liblapack.so /usr/lib/x86_64-linux-gnu/libblas.so 
make[1]: Leaving directory '/home/ash/ca-territorial/build/CMakeFiles/CMakeTmp'



Determining if the function dlerror exists in the dl passed with the following output:
Change Dir: /home/ash/ca-territorial/build/CMakeFiles/CMakeTmp

Run Build Command(s):/usr/bin/make cmTC_4ca83/fast && /usr/bin/make -f CMakeFiles/cmTC_4ca83.dir/build.make CMakeFiles/cmTC_4ca83.dir/build
make[1]: Entering directory '/home/ash/ca-territorial/build/CMakeFiles/CMakeTmp'
Building C object CMakeFiles/cmTC_4ca83.dir/CheckFunctionExists.c.o
/usr/bin/cc   -fsigned-char -W -Wall -Wreturn-type -Waddress -Wsequence-point -Wformat -Wformat-security -Wmissing-declarations -Wmissing-prototypes -Wstrict-prototypes -Wundef -Winit-self -Wpointer-arith -Wshadow -Wuninitialized -Wno-comment -Wimplicit-fallthrough=3 -Wno-strict-overflow -fdiagnostics-show-option -pthread -fomit-frame-pointer -ffunction-sections -fdata-sections  -msse3 -fvisibility=hidden -DCHECK_FUNCTION_EXISTS=dlerror -O3 -DNDEBUG  -DNDEBUG -fPIE   -o CMakeFiles/cmTC_4ca83.dir/CheckFunctionExists.c.o   -c /usr/share/cmake-3.16/Modules/CheckFunctionExists.c
Linking C executable cmTC_4ca83
/usr/bin/cmake -E cmake_link_script CMakeFiles/cmTC_4ca83.dir/link.txt --verbose=1
/usr/bin/cc    -fsigned-char -W -Wall -Wreturn-type -Waddress -Wsequence-point -Wformat -Wformat-security -Wmissing-declarations -Wmissing-prototypes -Wstrict-prototypes -Wundef -Winit-self -Wpointer-arith -Wshadow -Wuninitialized -Wno-comment -Wimplicit-fallthrough=3 -Wno-strict-overflow -fdiagnostics-show-option -pthread -fomit-frame-pointer -ffunction-sections -fdata-sections  -msse3 -fvisibility=hidden -DCHECK_FUNCTION_EXISTS=dlerror -O3 -DNDEBUG  -DNDEBUG    -Wl,--gc-sections -Wl,--as-needed -Wl,--no-undefined  CMakeFiles/cmTC_4ca83.dir/CheckFunctionExists.c.o  -o cmTC_4ca83  -ldl 
make[1]: Leaving directory '/home/ash/ca-territorial/build/CMakeFiles/CMakeTmp'



Determining if the include file linux/videodev2.h exists passed with the following output:
Change Dir: /home/ash/ca-territorial/build/CMakeFiles/CMakeTmp

Run Build Command(s):/usr/bin/make cmTC_254bc/fast && /usr/bin/make -f CMakeFiles/cmTC_254bc.dir/build.make CMakeFiles/cmTC_254bc.dir/build
make[1]: Entering directory '/home/ash/ca-territorial/build/CMakeFiles/CMakeTmp'
Building C object CMakeFiles/cmTC_254bc.dir/CheckIncludeFile.c.o
/usr/bin/cc   -fsigned-char -W -Wall -Wreturn-type -Waddress -Wsequence-point -Wformat -Wformat-security -Wmissing-declarations -Wmissing-prototypes -Wstrict-prototypes -Wundef -Winit-self -Wpointer-arith -Wshadow -Wuninitialized -Wno-comment -Wimplicit-fallthrough=3 -Wno-strict-overflow -fdiagnostics-show-option -pthread -fomit-frame-pointer -ffunction-sections -fdata-sections  -msse3 -fvisibility=hidden  -O3 -DNDEBUG  -DNDEBUG -fPIE   -o CMakeFiles/cmTC_254bc.dir/CheckIncludeFile.c.o   -c /home/ash/ca-territorial/build/CMakeFiles/CMakeTmp/CheckIncludeFile.c
Linking C executable cmTC_254bc
/usr/bin/cmake -E cmake_link_script CMakeFiles/cmTC_254bc.dir/link.txt --verbose=1
/usr/bin/cc    -fsigned-char -W -Wall -Wreturn-type -Waddress -Wsequence-point -Wformat -Wformat-security -Wmissing-declarations -Wmissing-prototypes -Wstrict-prototypes -Wundef -Winit-self -Wpointer-arith -Wshadow -Wuninitialized -Wno-comment -Wimplicit-fallthrough=3 -Wno-strict-overflow -fdiagnostics-show-option -pthread -fomit-frame-pointer -ffunction-sections -fdata-sections  -msse3 -fvisibility=hidden  -O3 -DNDEBUG  -DNDEBUG    -Wl,--gc-sections -Wl,--as-needed -Wl,--no-undefined  CMakeFiles/cmTC_254bc.dir/CheckIncludeFile.c.o  -o cmTC_254bc 
make[1]: Leaving directory '/home/ash/ca-territorial/build/CMakeFiles/CMakeTmp'



Determining if the include file linux/videodev2.h exists passed with the following output:
Change Dir: /home/ash/ca-territorial/build/CMakeFiles/CMakeTmp

Run Build Command(s):/usr/bin/make cmTC_14ff2/fast && /usr/bin/make -f CMakeFiles/cmTC_14ff2.dir/build.make CMakeFiles/cmTC_14ff2.dir/build
make[1]: Entering directory '/home/ash/ca-territorial/build/CMakeFiles/CMakeTmp'
Building C object CMakeFiles/cmTC_14ff2.dir/CheckIncludeFile.c.o
/usr/bin/cc   -fsigned-char -W -Wall -Wreturn-type -Waddress -Wsequence-point -Wformat -Wformat-security -Wmissing-declarations -Wmissing-prototypes -Wstrict-prototypes -Wundef -Winit-self -Wpointer-arith -Wshadow -Wuninitialized -Wno-comment -Wimplicit-fallthrough=3 -Wno-strict-overflow -fdiagnostics-show-option -pthread -fomit-frame-pointer -ffunction-sections -fdata-sections  -msse3 -fvisibility=hidden  -O3 -DNDEBUG  -DNDEBUG -fPIE   -o CMakeFiles/cmTC_14ff2.dir/CheckIncludeFile.c.o   -c /home/ash/ca-territorial/build/CMakeFiles/CMakeTmp/CheckIncludeFile.c
Linking C executable cmTC_14ff2
/usr/bin/cmake -E cmake_link_script CMakeFiles/cmTC_14ff2.dir/link.txt --verbose=1
/usr/bin/cc    -fsigned-char -W -Wall -Wreturn-type -Waddress -Wsequence-point -Wformat -Wformat-security -Wmissing-declarations -Wmissing-prototypes -Wstrict-prototypes -Wundef -Winit-self -Wpointer-arith -Wshadow -Wuninitialized -Wno-comment -Wimplicit-fallthrough=3 -Wno-strict-overflow -fdiagnostics-show-option -pthread -fomit-frame-pointer -ffunction-sections -fdata-sections  -msse3 -fvisibility=hidden  -O3 -DNDEBUG  -DNDEBUG    -Wl,--gc-sections -Wl,--as-needed -Wl,--no-undefined  CMakeFiles/cmTC_14ff2.dir/CheckIncludeFile.c.o  -o cmTC_14ff2 
make[1]: Leaving directory '/home/ash/ca-territorial/build/CMakeFiles/CMakeTmp'



